2024-06-04T21:36:08.728Z [31merror[39m: uncaughtException: URL_MONGO is not defined
ReferenceError: URL_MONGO is not defined
    at Object.<anonymous> (C:\NewProgramacion\CoderHouse\BackEnd\src\app.js:32:17)
    at Module._compile (node:internal/modules/cjs/loader:1376:14)
    at Module._extensions..js (node:internal/modules/cjs/loader:1435:10)
    at Module.load (node:internal/modules/cjs/loader:1207:32)
    at Module._load (node:internal/modules/cjs/loader:1023:12)
    at Function.executeUserEntryPoint [as runMain] (node:internal/modules/run_main:135:12)
    at node:internal/main/run_main_module:28:49
2024-06-16T21:42:58.563Z [31merror[39m: uncaughtException: swaggerSetup is not defined
ReferenceError: swaggerSetup is not defined
    at Object.<anonymous> (C:\NewProgramacion\CoderHouse\BackEnd\src\app.js:27:1)
    at Module._compile (node:internal/modules/cjs/loader:1376:14)
    at Module._extensions..js (node:internal/modules/cjs/loader:1435:10)
    at Module.load (node:internal/modules/cjs/loader:1207:32)
    at Module._load (node:internal/modules/cjs/loader:1023:12)
    at Function.executeUserEntryPoint [as runMain] (node:internal/modules/run_main:135:12)
    at node:internal/main/run_main_module:28:49
2024-06-16T21:43:07.504Z [31merror[39m: uncaughtException: swaggerSetup is not defined
ReferenceError: swaggerSetup is not defined
    at Object.<anonymous> (C:\NewProgramacion\CoderHouse\BackEnd\src\app.js:27:1)
    at Module._compile (node:internal/modules/cjs/loader:1376:14)
    at Module._extensions..js (node:internal/modules/cjs/loader:1435:10)
    at Module.load (node:internal/modules/cjs/loader:1207:32)
    at Module._load (node:internal/modules/cjs/loader:1023:12)
    at Function.executeUserEntryPoint [as runMain] (node:internal/modules/run_main:135:12)
    at node:internal/main/run_main_module:28:49
2024-06-16T22:17:26.300Z [31merror[39m: uncaughtException: swaggerSetup is not a function
TypeError: swaggerSetup is not a function
    at Object.<anonymous> (C:\NewProgramacion\CoderHouse\BackEnd\src\app.js:27:1)
    at Module._compile (node:internal/modules/cjs/loader:1376:14)
    at Module._extensions..js (node:internal/modules/cjs/loader:1435:10)
    at Module.load (node:internal/modules/cjs/loader:1207:32)
    at Module._load (node:internal/modules/cjs/loader:1023:12)
    at Function.executeUserEntryPoint [as runMain] (node:internal/modules/run_main:135:12)
    at node:internal/main/run_main_module:28:49
2024-06-19T21:31:43.423Z [31merror[39m: uncaughtException: Unexpected identifier 'data'
C:\NewProgramacion\CoderHouse\BackEnd\src\routes\checkout.routes.js:106
        data: null,
        ^^^^

SyntaxError: Unexpected identifier 'data'
    at internalCompileFunction (node:internal/vm:77:18)
    at wrapSafe (node:internal/modules/cjs/loader:1288:20)
    at Module._compile (node:internal/modules/cjs/loader:1340:27)
    at Module._extensions..js (node:internal/modules/cjs/loader:1435:10)
    at Module.load (node:internal/modules/cjs/loader:1207:32)
    at Module._load (node:internal/modules/cjs/loader:1023:12)
    at Module.require (node:internal/modules/cjs/loader:1235:19)
    at require (node:internal/modules/helpers:176:18)
    at Object.<anonymous> (C:\NewProgramacion\CoderHouse\BackEnd\src\app.js:12:24)
    at Module._compile (node:internal/modules/cjs/loader:1376:14)
2024-06-19T21:37:32.158Z [31merror[39m: uncaughtException: Unexpected token ','
C:\NewProgramacion\CoderHouse\BackEnd\src\dao\mongoManager\reservationManager.js:58
            stateMsj: "Pasaje reservado con éxito\n, Lo esperamosa bordo",,
                                                                          ^

SyntaxError: Unexpected token ','
    at internalCompileFunction (node:internal/vm:77:18)
    at wrapSafe (node:internal/modules/cjs/loader:1288:20)
    at Module._compile (node:internal/modules/cjs/loader:1340:27)
    at Module._extensions..js (node:internal/modules/cjs/loader:1435:10)
    at Module.load (node:internal/modules/cjs/loader:1207:32)
    at Module._load (node:internal/modules/cjs/loader:1023:12)
    at Module.require (node:internal/modules/cjs/loader:1235:19)
    at require (node:internal/modules/helpers:176:18)
    at Object.<anonymous> (C:\NewProgramacion\CoderHouse\BackEnd\src\service\index.js:1:28)
    at Module._compile (node:internal/modules/cjs/loader:1376:14)
2024-07-01T21:23:04.087Z [31merror[39m: uncaughtException: Unexpected token 'const'
C:\NewProgramacion\CoderHouse\BackEnd\src\dao\mongoManager\destinationManager.js:41
        const     const createNewDestination = await DestinationsModel.create(newDestination);
                  ^^^^^

SyntaxError: Unexpected token 'const'
    at internalCompileFunction (node:internal/vm:77:18)
    at wrapSafe (node:internal/modules/cjs/loader:1288:20)
    at Module._compile (node:internal/modules/cjs/loader:1340:27)
    at Module._extensions..js (node:internal/modules/cjs/loader:1435:10)
    at Module.load (node:internal/modules/cjs/loader:1207:32)
    at Module._load (node:internal/modules/cjs/loader:1023:12)
    at Module.require (node:internal/modules/cjs/loader:1235:19)
    at require (node:internal/modules/helpers:176:18)
    at Object.<anonymous> (C:\NewProgramacion\CoderHouse\BackEnd\src\service\index.js:1:28)
    at Module._compile (node:internal/modules/cjs/loader:1376:14)
2024-07-01T21:51:38.955Z [31merror[39m: uncaughtException: Unexpected token ','
C:\NewProgramacion\CoderHouse\BackEnd\src\dao\mongoManager\destinationManager.js:81
            ,
            ^

SyntaxError: Unexpected token ','
    at internalCompileFunction (node:internal/vm:77:18)
    at wrapSafe (node:internal/modules/cjs/loader:1288:20)
    at Module._compile (node:internal/modules/cjs/loader:1340:27)
    at Module._extensions..js (node:internal/modules/cjs/loader:1435:10)
    at Module.load (node:internal/modules/cjs/loader:1207:32)
    at Module._load (node:internal/modules/cjs/loader:1023:12)
    at Module.require (node:internal/modules/cjs/loader:1235:19)
    at require (node:internal/modules/helpers:176:18)
    at Object.<anonymous> (C:\NewProgramacion\CoderHouse\BackEnd\src\service\index.js:1:28)
    at Module._compile (node:internal/modules/cjs/loader:1376:14)
2024-07-01T22:53:53.055Z [31merror[39m: uncaughtException: Unexpected identifier 'reservationService'
C:\NewProgramacion\CoderHouse\BackEnd\src\service\index.js:12
  reservationService,
  ^^^^^^^^^^^^^^^^^^

SyntaxError: Unexpected identifier 'reservationService'
    at internalCompileFunction (node:internal/vm:77:18)
    at wrapSafe (node:internal/modules/cjs/loader:1288:20)
    at Module._compile (node:internal/modules/cjs/loader:1340:27)
    at Module._extensions..js (node:internal/modules/cjs/loader:1435:10)
    at Module.load (node:internal/modules/cjs/loader:1207:32)
    at Module._load (node:internal/modules/cjs/loader:1023:12)
    at Module.require (node:internal/modules/cjs/loader:1235:19)
    at require (node:internal/modules/helpers:176:18)
    at Object.<anonymous> (C:\NewProgramacion\CoderHouse\BackEnd\src\routes\views.routes.js:4:32)
    at Module._compile (node:internal/modules/cjs/loader:1376:14)
2024-07-02T00:07:38.171Z [31merror[39m: uncaughtException: Unexpected token 'const'
C:\NewProgramacion\CoderHouse\BackEnd\src\routes\searchfly.routes.js:30
    const options = {
    ^^^^^

SyntaxError: Unexpected token 'const'
    at internalCompileFunction (node:internal/vm:77:18)
    at wrapSafe (node:internal/modules/cjs/loader:1288:20)
    at Module._compile (node:internal/modules/cjs/loader:1340:27)
    at Module._extensions..js (node:internal/modules/cjs/loader:1435:10)
    at Module.load (node:internal/modules/cjs/loader:1207:32)
    at Module._load (node:internal/modules/cjs/loader:1023:12)
    at Module.require (node:internal/modules/cjs/loader:1235:19)
    at require (node:internal/modules/helpers:176:18)
    at Object.<anonymous> (C:\NewProgramacion\CoderHouse\BackEnd\src\app.js:10:25)
    at Module._compile (node:internal/modules/cjs/loader:1376:14)
2024-07-14T23:28:52.076Z [31merror[39m: uncaughtException: Unexpected identifier 'busca'
C:\NewProgramacion\CoderHouse\BackEnd\src\dao\mongoManager\userManager.js:8
  GetOneUser busca un usuario, al pedir como dato query, es posible buscar por qualquier campo que requieras
             ^^^^^

SyntaxError: Unexpected identifier 'busca'
    at internalCompileFunction (node:internal/vm:77:18)
    at wrapSafe (node:internal/modules/cjs/loader:1288:20)
    at Module._compile (node:internal/modules/cjs/loader:1340:27)
    at Module._extensions..js (node:internal/modules/cjs/loader:1435:10)
    at Module.load (node:internal/modules/cjs/loader:1207:32)
    at Module._load (node:internal/modules/cjs/loader:1023:12)
    at Module.require (node:internal/modules/cjs/loader:1235:19)
    at require (node:internal/modules/helpers:176:18)
    at Object.<anonymous> (C:\NewProgramacion\CoderHouse\BackEnd\src\service\index.js:5:21)
    at Module._compile (node:internal/modules/cjs/loader:1376:14)
2024-07-15T17:51:49.252Z [31merror[39m: uncaughtException: Identifier 'emailAlreadyRegistered' has already been declared
C:\NewProgramacion\CoderHouse\BackEnd\src\dao\mongoManager\userManager.js:123
      const emailAlreadyRegistered = await this.GetOneUser({
            ^

SyntaxError: Identifier 'emailAlreadyRegistered' has already been declared
    at internalCompileFunction (node:internal/vm:77:18)
    at wrapSafe (node:internal/modules/cjs/loader:1288:20)
    at Module._compile (node:internal/modules/cjs/loader:1340:27)
    at Module._extensions..js (node:internal/modules/cjs/loader:1435:10)
    at Module.load (node:internal/modules/cjs/loader:1207:32)
    at Module._load (node:internal/modules/cjs/loader:1023:12)
    at Module.require (node:internal/modules/cjs/loader:1235:19)
    at require (node:internal/modules/helpers:176:18)
    at Object.<anonymous> (C:\NewProgramacion\CoderHouse\BackEnd\src\service\index.js:5:21)
    at Module._compile (node:internal/modules/cjs/loader:1376:14)
2024-07-15T17:51:55.758Z [31merror[39m: uncaughtException: Identifier 'emailAlreadyRegistered' has already been declared
C:\NewProgramacion\CoderHouse\BackEnd\src\dao\mongoManager\userManager.js:123
      const emailAlreadyRegistered = await this.GetOneUser({
            ^

SyntaxError: Identifier 'emailAlreadyRegistered' has already been declared
    at internalCompileFunction (node:internal/vm:77:18)
    at wrapSafe (node:internal/modules/cjs/loader:1288:20)
    at Module._compile (node:internal/modules/cjs/loader:1340:27)
    at Module._extensions..js (node:internal/modules/cjs/loader:1435:10)
    at Module.load (node:internal/modules/cjs/loader:1207:32)
    at Module._load (node:internal/modules/cjs/loader:1023:12)
    at Module.require (node:internal/modules/cjs/loader:1235:19)
    at require (node:internal/modules/helpers:176:18)
    at Object.<anonymous> (C:\NewProgramacion\CoderHouse\BackEnd\src\service\index.js:5:21)
    at Module._compile (node:internal/modules/cjs/loader:1376:14)
2024-07-18T21:13:12.487Z [31merror[39m: uncaughtException: Unexpected token ')'
C:\NewProgramacion\CoderHouse\BackEnd\src\routes\session.routes.js:31
    if () {
        ^

SyntaxError: Unexpected token ')'
    at internalCompileFunction (node:internal/vm:77:18)
    at wrapSafe (node:internal/modules/cjs/loader:1288:20)
    at Module._compile (node:internal/modules/cjs/loader:1340:27)
    at Module._extensions..js (node:internal/modules/cjs/loader:1435:10)
    at Module.load (node:internal/modules/cjs/loader:1207:32)
    at Module._load (node:internal/modules/cjs/loader:1023:12)
    at Module.require (node:internal/modules/cjs/loader:1235:19)
    at require (node:internal/modules/helpers:176:18)
    at Object.<anonymous> (C:\NewProgramacion\CoderHouse\BackEnd\src\app.js:9:23)
    at Module._compile (node:internal/modules/cjs/loader:1376:14)
2024-07-18T21:13:35.643Z [31merror[39m: uncaughtException: missing ) after argument list
C:\NewProgramacion\CoderHouse\BackEnd\src\routes\session.routes.js:30
    const samePassword = await comparePassword(password, hashedPassword:userExist.password);
                                                         ^^^^^^^^^^^^^^

SyntaxError: missing ) after argument list
    at internalCompileFunction (node:internal/vm:77:18)
    at wrapSafe (node:internal/modules/cjs/loader:1288:20)
    at Module._compile (node:internal/modules/cjs/loader:1340:27)
    at Module._extensions..js (node:internal/modules/cjs/loader:1435:10)
    at Module.load (node:internal/modules/cjs/loader:1207:32)
    at Module._load (node:internal/modules/cjs/loader:1023:12)
    at Module.require (node:internal/modules/cjs/loader:1235:19)
    at require (node:internal/modules/helpers:176:18)
    at Object.<anonymous> (C:\NewProgramacion\CoderHouse\BackEnd\src\app.js:9:23)
    at Module._compile (node:internal/modules/cjs/loader:1376:14)
2024-07-19T20:47:14.922Z [31merror[39m: uncaughtException: router is not defined
ReferenceError: router is not defined
    at Object.<anonymous> (C:\NewProgramacion\CoderHouse\BackEnd\src\app.js:100:1)
    at Module._compile (node:internal/modules/cjs/loader:1376:14)
    at Module._extensions..js (node:internal/modules/cjs/loader:1435:10)
    at Module.load (node:internal/modules/cjs/loader:1207:32)
    at Module._load (node:internal/modules/cjs/loader:1023:12)
    at Function.executeUserEntryPoint [as runMain] (node:internal/modules/run_main:135:12)
    at node:internal/main/run_main_module:28:49
2024-07-19T20:47:19.085Z [31merror[39m: uncaughtException: authController is not defined
ReferenceError: authController is not defined
    at Object.<anonymous> (C:\NewProgramacion\CoderHouse\BackEnd\src\app.js:100:20)
    at Module._compile (node:internal/modules/cjs/loader:1376:14)
    at Module._extensions..js (node:internal/modules/cjs/loader:1435:10)
    at Module.load (node:internal/modules/cjs/loader:1207:32)
    at Module._load (node:internal/modules/cjs/loader:1023:12)
    at Function.executeUserEntryPoint [as runMain] (node:internal/modules/run_main:135:12)
    at node:internal/main/run_main_module:28:49
2024-07-19T20:48:01.814Z [31merror[39m: uncaughtException: authRoutes is not defined
ReferenceError: authRoutes is not defined
    at Object.<anonymous> (C:\NewProgramacion\CoderHouse\BackEnd\src\app.js:99:18)
    at Module._compile (node:internal/modules/cjs/loader:1376:14)
    at Module._extensions..js (node:internal/modules/cjs/loader:1435:10)
    at Module.load (node:internal/modules/cjs/loader:1207:32)
    at Module._load (node:internal/modules/cjs/loader:1023:12)
    at Function.executeUserEntryPoint [as runMain] (node:internal/modules/run_main:135:12)
    at node:internal/main/run_main_module:28:49
2024-07-19T20:48:14.239Z [31merror[39m: uncaughtException: authRoutes is not defined
ReferenceError: authRoutes is not defined
    at Object.<anonymous> (C:\NewProgramacion\CoderHouse\BackEnd\src\app.js:99:18)
    at Module._compile (node:internal/modules/cjs/loader:1376:14)
    at Module._extensions..js (node:internal/modules/cjs/loader:1435:10)
    at Module.load (node:internal/modules/cjs/loader:1207:32)
    at Module._load (node:internal/modules/cjs/loader:1023:12)
    at Function.executeUserEntryPoint [as runMain] (node:internal/modules/run_main:135:12)
    at node:internal/main/run_main_module:28:49
2024-07-19T20:48:28.597Z [31merror[39m: uncaughtException: Router.use() requires a middleware function but got a Object
TypeError: Router.use() requires a middleware function but got a Object
    at Function.use (C:\NewProgramacion\CoderHouse\BackEnd\node_modules\express\lib\router\index.js:469:13)
    at Function.<anonymous> (C:\NewProgramacion\CoderHouse\BackEnd\node_modules\express\lib\application.js:227:21)
    at Array.forEach (<anonymous>)
    at Function.use (C:\NewProgramacion\CoderHouse\BackEnd\node_modules\express\lib\application.js:224:7)
    at Object.<anonymous> (C:\NewProgramacion\CoderHouse\BackEnd\src\app.js:100:5)
    at Module._compile (node:internal/modules/cjs/loader:1376:14)
    at Module._extensions..js (node:internal/modules/cjs/loader:1435:10)
    at Module.load (node:internal/modules/cjs/loader:1207:32)
    at Module._load (node:internal/modules/cjs/loader:1023:12)
    at Function.executeUserEntryPoint [as runMain] (node:internal/modules/run_main:135:12)
2024-07-19T20:48:34.141Z [31merror[39m: uncaughtException: Cannot find module '../controllers/authController'
Require stack:
- C:\NewProgramacion\CoderHouse\BackEnd\src\routes\authRoutes.routes.js
- C:\NewProgramacion\CoderHouse\BackEnd\src\app.js
Error: Cannot find module '../controllers/authController'
Require stack:
- C:\NewProgramacion\CoderHouse\BackEnd\src\routes\authRoutes.routes.js
- C:\NewProgramacion\CoderHouse\BackEnd\src\app.js
    at Module._resolveFilename (node:internal/modules/cjs/loader:1144:15)
    at Module._load (node:internal/modules/cjs/loader:985:27)
    at Module.require (node:internal/modules/cjs/loader:1235:19)
    at require (node:internal/modules/helpers:176:18)
    at Object.<anonymous> (C:\NewProgramacion\CoderHouse\BackEnd\src\routes\authRoutes.routes.js:4:24)
    at Module._compile (node:internal/modules/cjs/loader:1376:14)
    at Module._extensions..js (node:internal/modules/cjs/loader:1435:10)
    at Module.load (node:internal/modules/cjs/loader:1207:32)
    at Module._load (node:internal/modules/cjs/loader:1023:12)
    at Module.require (node:internal/modules/cjs/loader:1235:19)
2024-07-19T20:50:27.244Z [31merror[39m: uncaughtException: Cannot find module '../controllers/authController'
Require stack:
- C:\NewProgramacion\CoderHouse\BackEnd\src\routes\authRoutes.routes.js
- C:\NewProgramacion\CoderHouse\BackEnd\src\app.js
Error: Cannot find module '../controllers/authController'
Require stack:
- C:\NewProgramacion\CoderHouse\BackEnd\src\routes\authRoutes.routes.js
- C:\NewProgramacion\CoderHouse\BackEnd\src\app.js
    at Module._resolveFilename (node:internal/modules/cjs/loader:1144:15)
    at Module._load (node:internal/modules/cjs/loader:985:27)
    at Module.require (node:internal/modules/cjs/loader:1235:19)
    at require (node:internal/modules/helpers:176:18)
    at Object.<anonymous> (C:\NewProgramacion\CoderHouse\BackEnd\src\routes\authRoutes.routes.js:4:24)
    at Module._compile (node:internal/modules/cjs/loader:1376:14)
    at Module._extensions..js (node:internal/modules/cjs/loader:1435:10)
    at Module.load (node:internal/modules/cjs/loader:1207:32)
    at Module._load (node:internal/modules/cjs/loader:1023:12)
    at Module.require (node:internal/modules/cjs/loader:1235:19)
2024-07-19T20:50:29.460Z [31merror[39m: uncaughtException: Cannot find module '../controllers/authController'
Require stack:
- C:\NewProgramacion\CoderHouse\BackEnd\src\routes\authRoutes.routes.js
- C:\NewProgramacion\CoderHouse\BackEnd\src\app.js
Error: Cannot find module '../controllers/authController'
Require stack:
- C:\NewProgramacion\CoderHouse\BackEnd\src\routes\authRoutes.routes.js
- C:\NewProgramacion\CoderHouse\BackEnd\src\app.js
    at Module._resolveFilename (node:internal/modules/cjs/loader:1144:15)
    at Module._load (node:internal/modules/cjs/loader:985:27)
    at Module.require (node:internal/modules/cjs/loader:1235:19)
    at require (node:internal/modules/helpers:176:18)
    at Object.<anonymous> (C:\NewProgramacion\CoderHouse\BackEnd\src\routes\authRoutes.routes.js:4:24)
    at Module._compile (node:internal/modules/cjs/loader:1376:14)
    at Module._extensions..js (node:internal/modules/cjs/loader:1435:10)
    at Module.load (node:internal/modules/cjs/loader:1207:32)
    at Module._load (node:internal/modules/cjs/loader:1023:12)
    at Module.require (node:internal/modules/cjs/loader:1235:19)
2024-07-19T20:52:52.206Z [31merror[39m: uncaughtException: Cannot find module '../models/user'
Require stack:
- C:\NewProgramacion\CoderHouse\BackEnd\src\controllers\authController.js
- C:\NewProgramacion\CoderHouse\BackEnd\src\routes\authRoutes.routes.js
- C:\NewProgramacion\CoderHouse\BackEnd\src\app.js
Error: Cannot find module '../models/user'
Require stack:
- C:\NewProgramacion\CoderHouse\BackEnd\src\controllers\authController.js
- C:\NewProgramacion\CoderHouse\BackEnd\src\routes\authRoutes.routes.js
- C:\NewProgramacion\CoderHouse\BackEnd\src\app.js
    at Module._resolveFilename (node:internal/modules/cjs/loader:1144:15)
    at Module._load (node:internal/modules/cjs/loader:985:27)
    at Module.require (node:internal/modules/cjs/loader:1235:19)
    at require (node:internal/modules/helpers:176:18)
    at Object.<anonymous> (C:\NewProgramacion\CoderHouse\BackEnd\src\controllers\authController.js:1:14)
    at Module._compile (node:internal/modules/cjs/loader:1376:14)
    at Module._extensions..js (node:internal/modules/cjs/loader:1435:10)
    at Module.load (node:internal/modules/cjs/loader:1207:32)
    at Module._load (node:internal/modules/cjs/loader:1023:12)
    at Module.require (node:internal/modules/cjs/loader:1235:19)
2024-07-19T20:53:09.721Z [31merror[39m: uncaughtException: Cannot find module '../models/user'
Require stack:
- C:\NewProgramacion\CoderHouse\BackEnd\src\controllers\authController.js
- C:\NewProgramacion\CoderHouse\BackEnd\src\routes\authRoutes.routes.js
- C:\NewProgramacion\CoderHouse\BackEnd\src\app.js
Error: Cannot find module '../models/user'
Require stack:
- C:\NewProgramacion\CoderHouse\BackEnd\src\controllers\authController.js
- C:\NewProgramacion\CoderHouse\BackEnd\src\routes\authRoutes.routes.js
- C:\NewProgramacion\CoderHouse\BackEnd\src\app.js
    at Module._resolveFilename (node:internal/modules/cjs/loader:1144:15)
    at Module._load (node:internal/modules/cjs/loader:985:27)
    at Module.require (node:internal/modules/cjs/loader:1235:19)
    at require (node:internal/modules/helpers:176:18)
    at Object.<anonymous> (C:\NewProgramacion\CoderHouse\BackEnd\src\controllers\authController.js:1:14)
    at Module._compile (node:internal/modules/cjs/loader:1376:14)
    at Module._extensions..js (node:internal/modules/cjs/loader:1435:10)
    at Module.load (node:internal/modules/cjs/loader:1207:32)
    at Module._load (node:internal/modules/cjs/loader:1023:12)
    at Module.require (node:internal/modules/cjs/loader:1235:19)
2024-07-19T21:03:29.697Z [31merror[39m: uncaughtException: Cannot find module '../models/user'
Require stack:
- C:\NewProgramacion\CoderHouse\BackEnd\src\controllers\authController.js
- C:\NewProgramacion\CoderHouse\BackEnd\src\routes\authRoutes.routes.js
- C:\NewProgramacion\CoderHouse\BackEnd\src\app.js
Error: Cannot find module '../models/user'
Require stack:
- C:\NewProgramacion\CoderHouse\BackEnd\src\controllers\authController.js
- C:\NewProgramacion\CoderHouse\BackEnd\src\routes\authRoutes.routes.js
- C:\NewProgramacion\CoderHouse\BackEnd\src\app.js
    at Module._resolveFilename (node:internal/modules/cjs/loader:1144:15)
    at Module._load (node:internal/modules/cjs/loader:985:27)
    at Module.require (node:internal/modules/cjs/loader:1235:19)
    at require (node:internal/modules/helpers:176:18)
    at Object.<anonymous> (C:\NewProgramacion\CoderHouse\BackEnd\src\controllers\authController.js:1:14)
    at Module._compile (node:internal/modules/cjs/loader:1376:14)
    at Module._extensions..js (node:internal/modules/cjs/loader:1435:10)
    at Module.load (node:internal/modules/cjs/loader:1207:32)
    at Module._load (node:internal/modules/cjs/loader:1023:12)
    at Module.require (node:internal/modules/cjs/loader:1235:19)
2024-07-19T21:04:11.630Z [31merror[39m: uncaughtException: Cannot find module '../models/user'
Require stack:
- C:\NewProgramacion\CoderHouse\BackEnd\src\controllers\authController.js
- C:\NewProgramacion\CoderHouse\BackEnd\src\routes\authRoutes.routes.js
- C:\NewProgramacion\CoderHouse\BackEnd\src\app.js
Error: Cannot find module '../models/user'
Require stack:
- C:\NewProgramacion\CoderHouse\BackEnd\src\controllers\authController.js
- C:\NewProgramacion\CoderHouse\BackEnd\src\routes\authRoutes.routes.js
- C:\NewProgramacion\CoderHouse\BackEnd\src\app.js
    at Module._resolveFilename (node:internal/modules/cjs/loader:1144:15)
    at Module._load (node:internal/modules/cjs/loader:985:27)
    at Module.require (node:internal/modules/cjs/loader:1235:19)
    at require (node:internal/modules/helpers:176:18)
    at Object.<anonymous> (C:\NewProgramacion\CoderHouse\BackEnd\src\controllers\authController.js:1:14)
    at Module._compile (node:internal/modules/cjs/loader:1376:14)
    at Module._extensions..js (node:internal/modules/cjs/loader:1435:10)
    at Module.load (node:internal/modules/cjs/loader:1207:32)
    at Module._load (node:internal/modules/cjs/loader:1023:12)
    at Module.require (node:internal/modules/cjs/loader:1235:19)
2024-07-19T21:04:24.784Z [31merror[39m: uncaughtException: Cannot find module '../models/user'
Require stack:
- C:\NewProgramacion\CoderHouse\BackEnd\src\controllers\authController.js
- C:\NewProgramacion\CoderHouse\BackEnd\src\routes\authRoutes.routes.js
- C:\NewProgramacion\CoderHouse\BackEnd\src\app.js
Error: Cannot find module '../models/user'
Require stack:
- C:\NewProgramacion\CoderHouse\BackEnd\src\controllers\authController.js
- C:\NewProgramacion\CoderHouse\BackEnd\src\routes\authRoutes.routes.js
- C:\NewProgramacion\CoderHouse\BackEnd\src\app.js
    at Module._resolveFilename (node:internal/modules/cjs/loader:1144:15)
    at Module._load (node:internal/modules/cjs/loader:985:27)
    at Module.require (node:internal/modules/cjs/loader:1235:19)
    at require (node:internal/modules/helpers:176:18)
    at Object.<anonymous> (C:\NewProgramacion\CoderHouse\BackEnd\src\controllers\authController.js:1:14)
    at Module._compile (node:internal/modules/cjs/loader:1376:14)
    at Module._extensions..js (node:internal/modules/cjs/loader:1435:10)
    at Module.load (node:internal/modules/cjs/loader:1207:32)
    at Module._load (node:internal/modules/cjs/loader:1023:12)
    at Module.require (node:internal/modules/cjs/loader:1235:19)
2024-07-19T21:04:30.166Z [31merror[39m: uncaughtException: Cannot find module '../models/user'
Require stack:
- C:\NewProgramacion\CoderHouse\BackEnd\src\controllers\authController.js
- C:\NewProgramacion\CoderHouse\BackEnd\src\routes\authRoutes.routes.js
- C:\NewProgramacion\CoderHouse\BackEnd\src\app.js
Error: Cannot find module '../models/user'
Require stack:
- C:\NewProgramacion\CoderHouse\BackEnd\src\controllers\authController.js
- C:\NewProgramacion\CoderHouse\BackEnd\src\routes\authRoutes.routes.js
- C:\NewProgramacion\CoderHouse\BackEnd\src\app.js
    at Module._resolveFilename (node:internal/modules/cjs/loader:1144:15)
    at Module._load (node:internal/modules/cjs/loader:985:27)
    at Module.require (node:internal/modules/cjs/loader:1235:19)
    at require (node:internal/modules/helpers:176:18)
    at Object.<anonymous> (C:\NewProgramacion\CoderHouse\BackEnd\src\controllers\authController.js:1:14)
    at Module._compile (node:internal/modules/cjs/loader:1376:14)
    at Module._extensions..js (node:internal/modules/cjs/loader:1435:10)
    at Module.load (node:internal/modules/cjs/loader:1207:32)
    at Module._load (node:internal/modules/cjs/loader:1023:12)
    at Module.require (node:internal/modules/cjs/loader:1235:19)
2024-07-19T21:07:38.205Z [31merror[39m: uncaughtException: Cannot find module '../models/user'
Require stack:
- C:\NewProgramacion\CoderHouse\BackEnd\src\controllers\authController.js
- C:\NewProgramacion\CoderHouse\BackEnd\src\routes\authRoutes.routes.js
- C:\NewProgramacion\CoderHouse\BackEnd\src\app.js
Error: Cannot find module '../models/user'
Require stack:
- C:\NewProgramacion\CoderHouse\BackEnd\src\controllers\authController.js
- C:\NewProgramacion\CoderHouse\BackEnd\src\routes\authRoutes.routes.js
- C:\NewProgramacion\CoderHouse\BackEnd\src\app.js
    at Module._resolveFilename (node:internal/modules/cjs/loader:1144:15)
    at Module._load (node:internal/modules/cjs/loader:985:27)
    at Module.require (node:internal/modules/cjs/loader:1235:19)
    at require (node:internal/modules/helpers:176:18)
    at Object.<anonymous> (C:\NewProgramacion\CoderHouse\BackEnd\src\controllers\authController.js:1:14)
    at Module._compile (node:internal/modules/cjs/loader:1376:14)
    at Module._extensions..js (node:internal/modules/cjs/loader:1435:10)
    at Module.load (node:internal/modules/cjs/loader:1207:32)
    at Module._load (node:internal/modules/cjs/loader:1023:12)
    at Module.require (node:internal/modules/cjs/loader:1235:19)
2024-07-19T21:07:45.002Z [31merror[39m: uncaughtException: Cannot find module '../models/user'
Require stack:
- C:\NewProgramacion\CoderHouse\BackEnd\src\controllers\authController.js
- C:\NewProgramacion\CoderHouse\BackEnd\src\routes\authRoutes.routes.js
- C:\NewProgramacion\CoderHouse\BackEnd\src\app.js
Error: Cannot find module '../models/user'
Require stack:
- C:\NewProgramacion\CoderHouse\BackEnd\src\controllers\authController.js
- C:\NewProgramacion\CoderHouse\BackEnd\src\routes\authRoutes.routes.js
- C:\NewProgramacion\CoderHouse\BackEnd\src\app.js
    at Module._resolveFilename (node:internal/modules/cjs/loader:1144:15)
    at Module._load (node:internal/modules/cjs/loader:985:27)
    at Module.require (node:internal/modules/cjs/loader:1235:19)
    at require (node:internal/modules/helpers:176:18)
    at Object.<anonymous> (C:\NewProgramacion\CoderHouse\BackEnd\src\controllers\authController.js:1:14)
    at Module._compile (node:internal/modules/cjs/loader:1376:14)
    at Module._extensions..js (node:internal/modules/cjs/loader:1435:10)
    at Module.load (node:internal/modules/cjs/loader:1207:32)
    at Module._load (node:internal/modules/cjs/loader:1023:12)
    at Module.require (node:internal/modules/cjs/loader:1235:19)
2024-07-19T21:07:46.131Z [31merror[39m: uncaughtException: Cannot find module '../models/user'
Require stack:
- C:\NewProgramacion\CoderHouse\BackEnd\src\controllers\authController.js
- C:\NewProgramacion\CoderHouse\BackEnd\src\routes\authRoutes.routes.js
- C:\NewProgramacion\CoderHouse\BackEnd\src\app.js
Error: Cannot find module '../models/user'
Require stack:
- C:\NewProgramacion\CoderHouse\BackEnd\src\controllers\authController.js
- C:\NewProgramacion\CoderHouse\BackEnd\src\routes\authRoutes.routes.js
- C:\NewProgramacion\CoderHouse\BackEnd\src\app.js
    at Module._resolveFilename (node:internal/modules/cjs/loader:1144:15)
    at Module._load (node:internal/modules/cjs/loader:985:27)
    at Module.require (node:internal/modules/cjs/loader:1235:19)
    at require (node:internal/modules/helpers:176:18)
    at Object.<anonymous> (C:\NewProgramacion\CoderHouse\BackEnd\src\controllers\authController.js:1:14)
    at Module._compile (node:internal/modules/cjs/loader:1376:14)
    at Module._extensions..js (node:internal/modules/cjs/loader:1435:10)
    at Module.load (node:internal/modules/cjs/loader:1207:32)
    at Module._load (node:internal/modules/cjs/loader:1023:12)
    at Module.require (node:internal/modules/cjs/loader:1235:19)
2024-07-19T21:07:57.726Z [31merror[39m: uncaughtException: Cannot find module '../models/user'
Require stack:
- C:\NewProgramacion\CoderHouse\BackEnd\src\controllers\authController.js
- C:\NewProgramacion\CoderHouse\BackEnd\src\routes\authRoutes.routes.js
- C:\NewProgramacion\CoderHouse\BackEnd\src\app.js
Error: Cannot find module '../models/user'
Require stack:
- C:\NewProgramacion\CoderHouse\BackEnd\src\controllers\authController.js
- C:\NewProgramacion\CoderHouse\BackEnd\src\routes\authRoutes.routes.js
- C:\NewProgramacion\CoderHouse\BackEnd\src\app.js
    at Module._resolveFilename (node:internal/modules/cjs/loader:1144:15)
    at Module._load (node:internal/modules/cjs/loader:985:27)
    at Module.require (node:internal/modules/cjs/loader:1235:19)
    at require (node:internal/modules/helpers:176:18)
    at Object.<anonymous> (C:\NewProgramacion\CoderHouse\BackEnd\src\controllers\authController.js:1:14)
    at Module._compile (node:internal/modules/cjs/loader:1376:14)
    at Module._extensions..js (node:internal/modules/cjs/loader:1435:10)
    at Module.load (node:internal/modules/cjs/loader:1207:32)
    at Module._load (node:internal/modules/cjs/loader:1023:12)
    at Module.require (node:internal/modules/cjs/loader:1235:19)
2024-07-19T21:07:59.545Z [31merror[39m: uncaughtException: Cannot find module '../models/user'
Require stack:
- C:\NewProgramacion\CoderHouse\BackEnd\src\controllers\authController.js
- C:\NewProgramacion\CoderHouse\BackEnd\src\routes\authRoutes.routes.js
- C:\NewProgramacion\CoderHouse\BackEnd\src\app.js
Error: Cannot find module '../models/user'
Require stack:
- C:\NewProgramacion\CoderHouse\BackEnd\src\controllers\authController.js
- C:\NewProgramacion\CoderHouse\BackEnd\src\routes\authRoutes.routes.js
- C:\NewProgramacion\CoderHouse\BackEnd\src\app.js
    at Module._resolveFilename (node:internal/modules/cjs/loader:1144:15)
    at Module._load (node:internal/modules/cjs/loader:985:27)
    at Module.require (node:internal/modules/cjs/loader:1235:19)
    at require (node:internal/modules/helpers:176:18)
    at Object.<anonymous> (C:\NewProgramacion\CoderHouse\BackEnd\src\controllers\authController.js:1:14)
    at Module._compile (node:internal/modules/cjs/loader:1376:14)
    at Module._extensions..js (node:internal/modules/cjs/loader:1435:10)
    at Module.load (node:internal/modules/cjs/loader:1207:32)
    at Module._load (node:internal/modules/cjs/loader:1023:12)
    at Module.require (node:internal/modules/cjs/loader:1235:19)
2024-07-19T21:08:03.376Z [31merror[39m: uncaughtException: Cannot find module '../models/user'
Require stack:
- C:\NewProgramacion\CoderHouse\BackEnd\src\controllers\authController.js
- C:\NewProgramacion\CoderHouse\BackEnd\src\routes\authRoutes.routes.js
- C:\NewProgramacion\CoderHouse\BackEnd\src\app.js
Error: Cannot find module '../models/user'
Require stack:
- C:\NewProgramacion\CoderHouse\BackEnd\src\controllers\authController.js
- C:\NewProgramacion\CoderHouse\BackEnd\src\routes\authRoutes.routes.js
- C:\NewProgramacion\CoderHouse\BackEnd\src\app.js
    at Module._resolveFilename (node:internal/modules/cjs/loader:1144:15)
    at Module._load (node:internal/modules/cjs/loader:985:27)
    at Module.require (node:internal/modules/cjs/loader:1235:19)
    at require (node:internal/modules/helpers:176:18)
    at Object.<anonymous> (C:\NewProgramacion\CoderHouse\BackEnd\src\controllers\authController.js:1:14)
    at Module._compile (node:internal/modules/cjs/loader:1376:14)
    at Module._extensions..js (node:internal/modules/cjs/loader:1435:10)
    at Module.load (node:internal/modules/cjs/loader:1207:32)
    at Module._load (node:internal/modules/cjs/loader:1023:12)
    at Module.require (node:internal/modules/cjs/loader:1235:19)
2024-07-19T21:09:34.912Z [31merror[39m: uncaughtException: Cannot find module '../models/user'
Require stack:
- C:\NewProgramacion\CoderHouse\BackEnd\src\controllers\authController.js
- C:\NewProgramacion\CoderHouse\BackEnd\src\routes\authRoutes.routes.js
- C:\NewProgramacion\CoderHouse\BackEnd\src\app.js
Error: Cannot find module '../models/user'
Require stack:
- C:\NewProgramacion\CoderHouse\BackEnd\src\controllers\authController.js
- C:\NewProgramacion\CoderHouse\BackEnd\src\routes\authRoutes.routes.js
- C:\NewProgramacion\CoderHouse\BackEnd\src\app.js
    at Module._resolveFilename (node:internal/modules/cjs/loader:1144:15)
    at Module._load (node:internal/modules/cjs/loader:985:27)
    at Module.require (node:internal/modules/cjs/loader:1235:19)
    at require (node:internal/modules/helpers:176:18)
    at Object.<anonymous> (C:\NewProgramacion\CoderHouse\BackEnd\src\controllers\authController.js:1:14)
    at Module._compile (node:internal/modules/cjs/loader:1376:14)
    at Module._extensions..js (node:internal/modules/cjs/loader:1435:10)
    at Module.load (node:internal/modules/cjs/loader:1207:32)
    at Module._load (node:internal/modules/cjs/loader:1023:12)
    at Module.require (node:internal/modules/cjs/loader:1235:19)
2024-07-19T21:09:43.906Z [31merror[39m: uncaughtException: Cannot find module '../models/user'
Require stack:
- C:\NewProgramacion\CoderHouse\BackEnd\src\controllers\authController.js
- C:\NewProgramacion\CoderHouse\BackEnd\src\routes\authRoutes.routes.js
- C:\NewProgramacion\CoderHouse\BackEnd\src\app.js
Error: Cannot find module '../models/user'
Require stack:
- C:\NewProgramacion\CoderHouse\BackEnd\src\controllers\authController.js
- C:\NewProgramacion\CoderHouse\BackEnd\src\routes\authRoutes.routes.js
- C:\NewProgramacion\CoderHouse\BackEnd\src\app.js
    at Module._resolveFilename (node:internal/modules/cjs/loader:1144:15)
    at Module._load (node:internal/modules/cjs/loader:985:27)
    at Module.require (node:internal/modules/cjs/loader:1235:19)
    at require (node:internal/modules/helpers:176:18)
    at Object.<anonymous> (C:\NewProgramacion\CoderHouse\BackEnd\src\controllers\authController.js:1:14)
    at Module._compile (node:internal/modules/cjs/loader:1376:14)
    at Module._extensions..js (node:internal/modules/cjs/loader:1435:10)
    at Module.load (node:internal/modules/cjs/loader:1207:32)
    at Module._load (node:internal/modules/cjs/loader:1023:12)
    at Module.require (node:internal/modules/cjs/loader:1235:19)
2024-07-19T21:09:51.622Z [31merror[39m: uncaughtException: Cannot find module '../models/user'
Require stack:
- C:\NewProgramacion\CoderHouse\BackEnd\src\controllers\authController.js
- C:\NewProgramacion\CoderHouse\BackEnd\src\routes\authRoutes.routes.js
- C:\NewProgramacion\CoderHouse\BackEnd\src\app.js
Error: Cannot find module '../models/user'
Require stack:
- C:\NewProgramacion\CoderHouse\BackEnd\src\controllers\authController.js
- C:\NewProgramacion\CoderHouse\BackEnd\src\routes\authRoutes.routes.js
- C:\NewProgramacion\CoderHouse\BackEnd\src\app.js
    at Module._resolveFilename (node:internal/modules/cjs/loader:1144:15)
    at Module._load (node:internal/modules/cjs/loader:985:27)
    at Module.require (node:internal/modules/cjs/loader:1235:19)
    at require (node:internal/modules/helpers:176:18)
    at Object.<anonymous> (C:\NewProgramacion\CoderHouse\BackEnd\src\controllers\authController.js:1:14)
    at Module._compile (node:internal/modules/cjs/loader:1376:14)
    at Module._extensions..js (node:internal/modules/cjs/loader:1435:10)
    at Module.load (node:internal/modules/cjs/loader:1207:32)
    at Module._load (node:internal/modules/cjs/loader:1023:12)
    at Module.require (node:internal/modules/cjs/loader:1235:19)
2024-07-19T21:10:02.419Z [31merror[39m: uncaughtException: Cannot find module '../models/user'
Require stack:
- C:\NewProgramacion\CoderHouse\BackEnd\src\controllers\authController.js
- C:\NewProgramacion\CoderHouse\BackEnd\src\routes\authRoutes.routes.js
- C:\NewProgramacion\CoderHouse\BackEnd\src\app.js
Error: Cannot find module '../models/user'
Require stack:
- C:\NewProgramacion\CoderHouse\BackEnd\src\controllers\authController.js
- C:\NewProgramacion\CoderHouse\BackEnd\src\routes\authRoutes.routes.js
- C:\NewProgramacion\CoderHouse\BackEnd\src\app.js
    at Module._resolveFilename (node:internal/modules/cjs/loader:1144:15)
    at Module._load (node:internal/modules/cjs/loader:985:27)
    at Module.require (node:internal/modules/cjs/loader:1235:19)
    at require (node:internal/modules/helpers:176:18)
    at Object.<anonymous> (C:\NewProgramacion\CoderHouse\BackEnd\src\controllers\authController.js:1:14)
    at Module._compile (node:internal/modules/cjs/loader:1376:14)
    at Module._extensions..js (node:internal/modules/cjs/loader:1435:10)
    at Module.load (node:internal/modules/cjs/loader:1207:32)
    at Module._load (node:internal/modules/cjs/loader:1023:12)
    at Module.require (node:internal/modules/cjs/loader:1235:19)
2024-07-19T21:11:01.243Z [31merror[39m: uncaughtException: Cannot find module '../models/user'
Require stack:
- C:\NewProgramacion\CoderHouse\BackEnd\src\controllers\authController.js
- C:\NewProgramacion\CoderHouse\BackEnd\src\routes\authRoutes.routes.js
- C:\NewProgramacion\CoderHouse\BackEnd\src\app.js
Error: Cannot find module '../models/user'
Require stack:
- C:\NewProgramacion\CoderHouse\BackEnd\src\controllers\authController.js
- C:\NewProgramacion\CoderHouse\BackEnd\src\routes\authRoutes.routes.js
- C:\NewProgramacion\CoderHouse\BackEnd\src\app.js
    at Module._resolveFilename (node:internal/modules/cjs/loader:1144:15)
    at Module._load (node:internal/modules/cjs/loader:985:27)
    at Module.require (node:internal/modules/cjs/loader:1235:19)
    at require (node:internal/modules/helpers:176:18)
    at Object.<anonymous> (C:\NewProgramacion\CoderHouse\BackEnd\src\controllers\authController.js:1:14)
    at Module._compile (node:internal/modules/cjs/loader:1376:14)
    at Module._extensions..js (node:internal/modules/cjs/loader:1435:10)
    at Module.load (node:internal/modules/cjs/loader:1207:32)
    at Module._load (node:internal/modules/cjs/loader:1023:12)
    at Module.require (node:internal/modules/cjs/loader:1235:19)
2024-07-19T21:18:31.295Z [31merror[39m: uncaughtException: Cannot find module '../models/user'
Require stack:
- C:\NewProgramacion\CoderHouse\BackEnd\src\controllers\authController.js
- C:\NewProgramacion\CoderHouse\BackEnd\src\routes\authRoutes.routes.js
- C:\NewProgramacion\CoderHouse\BackEnd\src\app.js
Error: Cannot find module '../models/user'
Require stack:
- C:\NewProgramacion\CoderHouse\BackEnd\src\controllers\authController.js
- C:\NewProgramacion\CoderHouse\BackEnd\src\routes\authRoutes.routes.js
- C:\NewProgramacion\CoderHouse\BackEnd\src\app.js
    at Module._resolveFilename (node:internal/modules/cjs/loader:1144:15)
    at Module._load (node:internal/modules/cjs/loader:985:27)
    at Module.require (node:internal/modules/cjs/loader:1235:19)
    at require (node:internal/modules/helpers:176:18)
    at Object.<anonymous> (C:\NewProgramacion\CoderHouse\BackEnd\src\controllers\authController.js:1:14)
    at Module._compile (node:internal/modules/cjs/loader:1376:14)
    at Module._extensions..js (node:internal/modules/cjs/loader:1435:10)
    at Module.load (node:internal/modules/cjs/loader:1207:32)
    at Module._load (node:internal/modules/cjs/loader:1023:12)
    at Module.require (node:internal/modules/cjs/loader:1235:19)
2024-07-19T21:18:35.485Z [31merror[39m: uncaughtException: Cannot find module '../models/user'
Require stack:
- C:\NewProgramacion\CoderHouse\BackEnd\src\controllers\authController.js
- C:\NewProgramacion\CoderHouse\BackEnd\src\routes\authRoutes.routes.js
- C:\NewProgramacion\CoderHouse\BackEnd\src\app.js
Error: Cannot find module '../models/user'
Require stack:
- C:\NewProgramacion\CoderHouse\BackEnd\src\controllers\authController.js
- C:\NewProgramacion\CoderHouse\BackEnd\src\routes\authRoutes.routes.js
- C:\NewProgramacion\CoderHouse\BackEnd\src\app.js
    at Module._resolveFilename (node:internal/modules/cjs/loader:1144:15)
    at Module._load (node:internal/modules/cjs/loader:985:27)
    at Module.require (node:internal/modules/cjs/loader:1235:19)
    at require (node:internal/modules/helpers:176:18)
    at Object.<anonymous> (C:\NewProgramacion\CoderHouse\BackEnd\src\controllers\authController.js:1:14)
    at Module._compile (node:internal/modules/cjs/loader:1376:14)
    at Module._extensions..js (node:internal/modules/cjs/loader:1435:10)
    at Module.load (node:internal/modules/cjs/loader:1207:32)
    at Module._load (node:internal/modules/cjs/loader:1023:12)
    at Module.require (node:internal/modules/cjs/loader:1235:19)
2024-07-19T21:19:18.359Z [31merror[39m: uncaughtException: Cannot find module '../models/user'
Require stack:
- C:\NewProgramacion\CoderHouse\BackEnd\src\controllers\authController.js
- C:\NewProgramacion\CoderHouse\BackEnd\src\routes\authRoutes.routes.js
- C:\NewProgramacion\CoderHouse\BackEnd\src\app.js
Error: Cannot find module '../models/user'
Require stack:
- C:\NewProgramacion\CoderHouse\BackEnd\src\controllers\authController.js
- C:\NewProgramacion\CoderHouse\BackEnd\src\routes\authRoutes.routes.js
- C:\NewProgramacion\CoderHouse\BackEnd\src\app.js
    at Module._resolveFilename (node:internal/modules/cjs/loader:1144:15)
    at Module._load (node:internal/modules/cjs/loader:985:27)
    at Module.require (node:internal/modules/cjs/loader:1235:19)
    at require (node:internal/modules/helpers:176:18)
    at Object.<anonymous> (C:\NewProgramacion\CoderHouse\BackEnd\src\controllers\authController.js:1:14)
    at Module._compile (node:internal/modules/cjs/loader:1376:14)
    at Module._extensions..js (node:internal/modules/cjs/loader:1435:10)
    at Module.load (node:internal/modules/cjs/loader:1207:32)
    at Module._load (node:internal/modules/cjs/loader:1023:12)
    at Module.require (node:internal/modules/cjs/loader:1235:19)
2024-07-19T21:20:09.491Z [31merror[39m: uncaughtException: Cannot find module '../models/user'
Require stack:
- C:\NewProgramacion\CoderHouse\BackEnd\src\controllers\authController.js
- C:\NewProgramacion\CoderHouse\BackEnd\src\routes\authRoutes.routes.js
- C:\NewProgramacion\CoderHouse\BackEnd\src\app.js
Error: Cannot find module '../models/user'
Require stack:
- C:\NewProgramacion\CoderHouse\BackEnd\src\controllers\authController.js
- C:\NewProgramacion\CoderHouse\BackEnd\src\routes\authRoutes.routes.js
- C:\NewProgramacion\CoderHouse\BackEnd\src\app.js
    at Module._resolveFilename (node:internal/modules/cjs/loader:1144:15)
    at Module._load (node:internal/modules/cjs/loader:985:27)
    at Module.require (node:internal/modules/cjs/loader:1235:19)
    at require (node:internal/modules/helpers:176:18)
    at Object.<anonymous> (C:\NewProgramacion\CoderHouse\BackEnd\src\controllers\authController.js:1:14)
    at Module._compile (node:internal/modules/cjs/loader:1376:14)
    at Module._extensions..js (node:internal/modules/cjs/loader:1435:10)
    at Module.load (node:internal/modules/cjs/loader:1207:32)
    at Module._load (node:internal/modules/cjs/loader:1023:12)
    at Module.require (node:internal/modules/cjs/loader:1235:19)
2024-07-19T21:20:18.036Z [31merror[39m: uncaughtException: Cannot find module '../models/user'
Require stack:
- C:\NewProgramacion\CoderHouse\BackEnd\src\controllers\authController.js
- C:\NewProgramacion\CoderHouse\BackEnd\src\routes\authRoutes.routes.js
- C:\NewProgramacion\CoderHouse\BackEnd\src\app.js
Error: Cannot find module '../models/user'
Require stack:
- C:\NewProgramacion\CoderHouse\BackEnd\src\controllers\authController.js
- C:\NewProgramacion\CoderHouse\BackEnd\src\routes\authRoutes.routes.js
- C:\NewProgramacion\CoderHouse\BackEnd\src\app.js
    at Module._resolveFilename (node:internal/modules/cjs/loader:1144:15)
    at Module._load (node:internal/modules/cjs/loader:985:27)
    at Module.require (node:internal/modules/cjs/loader:1235:19)
    at require (node:internal/modules/helpers:176:18)
    at Object.<anonymous> (C:\NewProgramacion\CoderHouse\BackEnd\src\controllers\authController.js:1:14)
    at Module._compile (node:internal/modules/cjs/loader:1376:14)
    at Module._extensions..js (node:internal/modules/cjs/loader:1435:10)
    at Module.load (node:internal/modules/cjs/loader:1207:32)
    at Module._load (node:internal/modules/cjs/loader:1023:12)
    at Module.require (node:internal/modules/cjs/loader:1235:19)
2024-07-19T21:20:20.548Z [31merror[39m: uncaughtException: Cannot find module '../models/user'
Require stack:
- C:\NewProgramacion\CoderHouse\BackEnd\src\controllers\authController.js
- C:\NewProgramacion\CoderHouse\BackEnd\src\routes\authRoutes.routes.js
- C:\NewProgramacion\CoderHouse\BackEnd\src\app.js
Error: Cannot find module '../models/user'
Require stack:
- C:\NewProgramacion\CoderHouse\BackEnd\src\controllers\authController.js
- C:\NewProgramacion\CoderHouse\BackEnd\src\routes\authRoutes.routes.js
- C:\NewProgramacion\CoderHouse\BackEnd\src\app.js
    at Module._resolveFilename (node:internal/modules/cjs/loader:1144:15)
    at Module._load (node:internal/modules/cjs/loader:985:27)
    at Module.require (node:internal/modules/cjs/loader:1235:19)
    at require (node:internal/modules/helpers:176:18)
    at Object.<anonymous> (C:\NewProgramacion\CoderHouse\BackEnd\src\controllers\authController.js:1:14)
    at Module._compile (node:internal/modules/cjs/loader:1376:14)
    at Module._extensions..js (node:internal/modules/cjs/loader:1435:10)
    at Module.load (node:internal/modules/cjs/loader:1207:32)
    at Module._load (node:internal/modules/cjs/loader:1023:12)
    at Module.require (node:internal/modules/cjs/loader:1235:19)
2024-07-19T21:20:23.015Z [31merror[39m: uncaughtException: Cannot find module '../models/user'
Require stack:
- C:\NewProgramacion\CoderHouse\BackEnd\src\controllers\authController.js
- C:\NewProgramacion\CoderHouse\BackEnd\src\routes\authRoutes.routes.js
- C:\NewProgramacion\CoderHouse\BackEnd\src\app.js
Error: Cannot find module '../models/user'
Require stack:
- C:\NewProgramacion\CoderHouse\BackEnd\src\controllers\authController.js
- C:\NewProgramacion\CoderHouse\BackEnd\src\routes\authRoutes.routes.js
- C:\NewProgramacion\CoderHouse\BackEnd\src\app.js
    at Module._resolveFilename (node:internal/modules/cjs/loader:1144:15)
    at Module._load (node:internal/modules/cjs/loader:985:27)
    at Module.require (node:internal/modules/cjs/loader:1235:19)
    at require (node:internal/modules/helpers:176:18)
    at Object.<anonymous> (C:\NewProgramacion\CoderHouse\BackEnd\src\controllers\authController.js:1:14)
    at Module._compile (node:internal/modules/cjs/loader:1376:14)
    at Module._extensions..js (node:internal/modules/cjs/loader:1435:10)
    at Module.load (node:internal/modules/cjs/loader:1207:32)
    at Module._load (node:internal/modules/cjs/loader:1023:12)
    at Module.require (node:internal/modules/cjs/loader:1235:19)
2024-07-19T21:21:26.211Z [31merror[39m: uncaughtException: Cannot find module '../models/user'
Require stack:
- C:\NewProgramacion\CoderHouse\BackEnd\src\controllers\authController.js
- C:\NewProgramacion\CoderHouse\BackEnd\src\routes\authRoutes.routes.js
- C:\NewProgramacion\CoderHouse\BackEnd\src\app.js
Error: Cannot find module '../models/user'
Require stack:
- C:\NewProgramacion\CoderHouse\BackEnd\src\controllers\authController.js
- C:\NewProgramacion\CoderHouse\BackEnd\src\routes\authRoutes.routes.js
- C:\NewProgramacion\CoderHouse\BackEnd\src\app.js
    at Module._resolveFilename (node:internal/modules/cjs/loader:1144:15)
    at Module._load (node:internal/modules/cjs/loader:985:27)
    at Module.require (node:internal/modules/cjs/loader:1235:19)
    at require (node:internal/modules/helpers:176:18)
    at Object.<anonymous> (C:\NewProgramacion\CoderHouse\BackEnd\src\controllers\authController.js:1:14)
    at Module._compile (node:internal/modules/cjs/loader:1376:14)
    at Module._extensions..js (node:internal/modules/cjs/loader:1435:10)
    at Module.load (node:internal/modules/cjs/loader:1207:32)
    at Module._load (node:internal/modules/cjs/loader:1023:12)
    at Module.require (node:internal/modules/cjs/loader:1235:19)
2024-07-19T21:21:57.210Z [31merror[39m: uncaughtException: Route.post() requires a callback function but got a [object Undefined]
Error: Route.post() requires a callback function but got a [object Undefined]
    at Route.<computed> [as post] (C:\NewProgramacion\CoderHouse\BackEnd\node_modules\express\lib\router\route.js:211:15)
    at proto.<computed> [as post] (C:\NewProgramacion\CoderHouse\BackEnd\node_modules\express\lib\router\index.js:521:19)
    at Object.<anonymous> (C:\NewProgramacion\CoderHouse\BackEnd\src\routes\authRoutes.routes.js:7:8)
    at Module._compile (node:internal/modules/cjs/loader:1376:14)
    at Module._extensions..js (node:internal/modules/cjs/loader:1435:10)
    at Module.load (node:internal/modules/cjs/loader:1207:32)
    at Module._load (node:internal/modules/cjs/loader:1023:12)
    at Module.require (node:internal/modules/cjs/loader:1235:19)
    at require (node:internal/modules/helpers:176:18)
    at Object.<anonymous> (C:\NewProgramacion\CoderHouse\BackEnd\src\app.js:10:20)
2024-07-19T21:22:23.974Z [31merror[39m: uncaughtException: Cannot find module '../controllers/authController'
Require stack:
- C:\NewProgramacion\CoderHouse\BackEnd\src\routes\authRoutes.routes.js
- C:\NewProgramacion\CoderHouse\BackEnd\src\app.js
Error: Cannot find module '../controllers/authController'
Require stack:
- C:\NewProgramacion\CoderHouse\BackEnd\src\routes\authRoutes.routes.js
- C:\NewProgramacion\CoderHouse\BackEnd\src\app.js
    at Module._resolveFilename (node:internal/modules/cjs/loader:1144:15)
    at Module._load (node:internal/modules/cjs/loader:985:27)
    at Module.require (node:internal/modules/cjs/loader:1235:19)
    at require (node:internal/modules/helpers:176:18)
    at Object.<anonymous> (C:\NewProgramacion\CoderHouse\BackEnd\src\routes\authRoutes.routes.js:4:24)
    at Module._compile (node:internal/modules/cjs/loader:1376:14)
    at Module._extensions..js (node:internal/modules/cjs/loader:1435:10)
    at Module.load (node:internal/modules/cjs/loader:1207:32)
    at Module._load (node:internal/modules/cjs/loader:1023:12)
    at Module.require (node:internal/modules/cjs/loader:1235:19)
2024-07-19T21:22:26.756Z [31merror[39m: uncaughtException: Cannot find module '../controllers/authController'
Require stack:
- C:\NewProgramacion\CoderHouse\BackEnd\src\routes\authRoutes.routes.js
- C:\NewProgramacion\CoderHouse\BackEnd\src\app.js
Error: Cannot find module '../controllers/authController'
Require stack:
- C:\NewProgramacion\CoderHouse\BackEnd\src\routes\authRoutes.routes.js
- C:\NewProgramacion\CoderHouse\BackEnd\src\app.js
    at Module._resolveFilename (node:internal/modules/cjs/loader:1144:15)
    at Module._load (node:internal/modules/cjs/loader:985:27)
    at Module.require (node:internal/modules/cjs/loader:1235:19)
    at require (node:internal/modules/helpers:176:18)
    at Object.<anonymous> (C:\NewProgramacion\CoderHouse\BackEnd\src\routes\authRoutes.routes.js:4:24)
    at Module._compile (node:internal/modules/cjs/loader:1376:14)
    at Module._extensions..js (node:internal/modules/cjs/loader:1435:10)
    at Module.load (node:internal/modules/cjs/loader:1207:32)
    at Module._load (node:internal/modules/cjs/loader:1023:12)
    at Module.require (node:internal/modules/cjs/loader:1235:19)
2024-07-19T21:22:41.932Z [31merror[39m: uncaughtException: Cannot find module './routes/authRoutes.routes'
Require stack:
- C:\NewProgramacion\CoderHouse\BackEnd\src\app.js
Error: Cannot find module './routes/authRoutes.routes'
Require stack:
- C:\NewProgramacion\CoderHouse\BackEnd\src\app.js
    at Module._resolveFilename (node:internal/modules/cjs/loader:1144:15)
    at Module._load (node:internal/modules/cjs/loader:985:27)
    at Module.require (node:internal/modules/cjs/loader:1235:19)
    at require (node:internal/modules/helpers:176:18)
    at Object.<anonymous> (C:\NewProgramacion\CoderHouse\BackEnd\src\app.js:10:20)
    at Module._compile (node:internal/modules/cjs/loader:1376:14)
    at Module._extensions..js (node:internal/modules/cjs/loader:1435:10)
    at Module.load (node:internal/modules/cjs/loader:1207:32)
    at Module._load (node:internal/modules/cjs/loader:1023:12)
    at Function.executeUserEntryPoint [as runMain] (node:internal/modules/run_main:135:12)
2024-07-19T21:23:10.511Z [31merror[39m: uncaughtException: Cannot find module './routes/authRoutes.routes'
Require stack:
- C:\NewProgramacion\CoderHouse\BackEnd\src\app.js
Error: Cannot find module './routes/authRoutes.routes'
Require stack:
- C:\NewProgramacion\CoderHouse\BackEnd\src\app.js
    at Module._resolveFilename (node:internal/modules/cjs/loader:1144:15)
    at Module._load (node:internal/modules/cjs/loader:985:27)
    at Module.require (node:internal/modules/cjs/loader:1235:19)
    at require (node:internal/modules/helpers:176:18)
    at Object.<anonymous> (C:\NewProgramacion\CoderHouse\BackEnd\src\app.js:10:20)
    at Module._compile (node:internal/modules/cjs/loader:1376:14)
    at Module._extensions..js (node:internal/modules/cjs/loader:1435:10)
    at Module.load (node:internal/modules/cjs/loader:1207:32)
    at Module._load (node:internal/modules/cjs/loader:1023:12)
    at Function.executeUserEntryPoint [as runMain] (node:internal/modules/run_main:135:12)
2024-07-31T04:44:54.161Z [31merror[39m: uncaughtException: Cannot find module '../process/comander'
Require stack:
- C:\NewProgramacion\CoderHouse\BackEnd\src\config\config.js
- C:\NewProgramacion\CoderHouse\BackEnd\src\app.js
Error: Cannot find module '../process/comander'
Require stack:
- C:\NewProgramacion\CoderHouse\BackEnd\src\config\config.js
- C:\NewProgramacion\CoderHouse\BackEnd\src\app.js
    at Module._resolveFilename (node:internal/modules/cjs/loader:1144:15)
    at Module._load (node:internal/modules/cjs/loader:985:27)
    at Module.require (node:internal/modules/cjs/loader:1235:19)
    at require (node:internal/modules/helpers:176:18)
    at Object.<anonymous> (C:\NewProgramacion\CoderHouse\BackEnd\src\config\config.js:2:19)
    at Module._compile (node:internal/modules/cjs/loader:1376:14)
    at Module._extensions..js (node:internal/modules/cjs/loader:1435:10)
    at Module.load (node:internal/modules/cjs/loader:1207:32)
    at Module._load (node:internal/modules/cjs/loader:1023:12)
    at Module.require (node:internal/modules/cjs/loader:1235:19)
2024-07-31T04:45:28.723Z [31merror[39m: uncaughtException: Cannot find module '../process/comander'
Require stack:
- C:\NewProgramacion\CoderHouse\BackEnd\src\config\config.js
- C:\NewProgramacion\CoderHouse\BackEnd\src\app.js
Error: Cannot find module '../process/comander'
Require stack:
- C:\NewProgramacion\CoderHouse\BackEnd\src\config\config.js
- C:\NewProgramacion\CoderHouse\BackEnd\src\app.js
    at Module._resolveFilename (node:internal/modules/cjs/loader:1144:15)
    at Module._load (node:internal/modules/cjs/loader:985:27)
    at Module.require (node:internal/modules/cjs/loader:1235:19)
    at require (node:internal/modules/helpers:176:18)
    at Object.<anonymous> (C:\NewProgramacion\CoderHouse\BackEnd\src\config\config.js:2:19)
    at Module._compile (node:internal/modules/cjs/loader:1376:14)
    at Module._extensions..js (node:internal/modules/cjs/loader:1435:10)
    at Module.load (node:internal/modules/cjs/loader:1207:32)
    at Module._load (node:internal/modules/cjs/loader:1023:12)
    at Module.require (node:internal/modules/cjs/loader:1235:19)
2024-07-31T04:45:30.650Z [31merror[39m: uncaughtException: Cannot find module '../process/comander'
Require stack:
- C:\NewProgramacion\CoderHouse\BackEnd\src\config\config.js
- C:\NewProgramacion\CoderHouse\BackEnd\src\app.js
Error: Cannot find module '../process/comander'
Require stack:
- C:\NewProgramacion\CoderHouse\BackEnd\src\config\config.js
- C:\NewProgramacion\CoderHouse\BackEnd\src\app.js
    at Module._resolveFilename (node:internal/modules/cjs/loader:1144:15)
    at Module._load (node:internal/modules/cjs/loader:985:27)
    at Module.require (node:internal/modules/cjs/loader:1235:19)
    at require (node:internal/modules/helpers:176:18)
    at Object.<anonymous> (C:\NewProgramacion\CoderHouse\BackEnd\src\config\config.js:2:19)
    at Module._compile (node:internal/modules/cjs/loader:1376:14)
    at Module._extensions..js (node:internal/modules/cjs/loader:1435:10)
    at Module.load (node:internal/modules/cjs/loader:1207:32)
    at Module._load (node:internal/modules/cjs/loader:1023:12)
    at Module.require (node:internal/modules/cjs/loader:1235:19)
2024-07-31T04:45:53.669Z [31merror[39m: uncaughtException: Cannot find module '../process/comander'
Require stack:
- C:\NewProgramacion\CoderHouse\BackEnd\src\config\config.js
- C:\NewProgramacion\CoderHouse\BackEnd\src\app.js
Error: Cannot find module '../process/comander'
Require stack:
- C:\NewProgramacion\CoderHouse\BackEnd\src\config\config.js
- C:\NewProgramacion\CoderHouse\BackEnd\src\app.js
    at Module._resolveFilename (node:internal/modules/cjs/loader:1144:15)
    at Module._load (node:internal/modules/cjs/loader:985:27)
    at Module.require (node:internal/modules/cjs/loader:1235:19)
    at require (node:internal/modules/helpers:176:18)
    at Object.<anonymous> (C:\NewProgramacion\CoderHouse\BackEnd\src\config\config.js:2:19)
    at Module._compile (node:internal/modules/cjs/loader:1376:14)
    at Module._extensions..js (node:internal/modules/cjs/loader:1435:10)
    at Module.load (node:internal/modules/cjs/loader:1207:32)
    at Module._load (node:internal/modules/cjs/loader:1023:12)
    at Module.require (node:internal/modules/cjs/loader:1235:19)
2024-07-31T04:46:00.584Z [31merror[39m: uncaughtException: Cannot find module '../process/comander'
Require stack:
- C:\NewProgramacion\CoderHouse\BackEnd\src\config\config.js
- C:\NewProgramacion\CoderHouse\BackEnd\src\app.js
Error: Cannot find module '../process/comander'
Require stack:
- C:\NewProgramacion\CoderHouse\BackEnd\src\config\config.js
- C:\NewProgramacion\CoderHouse\BackEnd\src\app.js
    at Module._resolveFilename (node:internal/modules/cjs/loader:1144:15)
    at Module._load (node:internal/modules/cjs/loader:985:27)
    at Module.require (node:internal/modules/cjs/loader:1235:19)
    at require (node:internal/modules/helpers:176:18)
    at Object.<anonymous> (C:\NewProgramacion\CoderHouse\BackEnd\src\config\config.js:2:19)
    at Module._compile (node:internal/modules/cjs/loader:1376:14)
    at Module._extensions..js (node:internal/modules/cjs/loader:1435:10)
    at Module.load (node:internal/modules/cjs/loader:1207:32)
    at Module._load (node:internal/modules/cjs/loader:1023:12)
    at Module.require (node:internal/modules/cjs/loader:1235:19)
2024-07-31T04:46:32.109Z [31merror[39m: uncaughtException: Cannot find module '../process/comander'
Require stack:
- C:\NewProgramacion\CoderHouse\BackEnd\src\config\config.js
- C:\NewProgramacion\CoderHouse\BackEnd\src\app.js
Error: Cannot find module '../process/comander'
Require stack:
- C:\NewProgramacion\CoderHouse\BackEnd\src\config\config.js
- C:\NewProgramacion\CoderHouse\BackEnd\src\app.js
    at Module._resolveFilename (node:internal/modules/cjs/loader:1144:15)
    at Module._load (node:internal/modules/cjs/loader:985:27)
    at Module.require (node:internal/modules/cjs/loader:1235:19)
    at require (node:internal/modules/helpers:176:18)
    at Object.<anonymous> (C:\NewProgramacion\CoderHouse\BackEnd\src\config\config.js:2:19)
    at Module._compile (node:internal/modules/cjs/loader:1376:14)
    at Module._extensions..js (node:internal/modules/cjs/loader:1435:10)
    at Module.load (node:internal/modules/cjs/loader:1207:32)
    at Module._load (node:internal/modules/cjs/loader:1023:12)
    at Module.require (node:internal/modules/cjs/loader:1235:19)
2024-07-31T04:46:57.270Z [31merror[39m: uncaughtException: Cannot find module '../process/comander'
Require stack:
- C:\NewProgramacion\CoderHouse\BackEnd\src\config\config.js
- C:\NewProgramacion\CoderHouse\BackEnd\src\app.js
Error: Cannot find module '../process/comander'
Require stack:
- C:\NewProgramacion\CoderHouse\BackEnd\src\config\config.js
- C:\NewProgramacion\CoderHouse\BackEnd\src\app.js
    at Module._resolveFilename (node:internal/modules/cjs/loader:1144:15)
    at Module._load (node:internal/modules/cjs/loader:985:27)
    at Module.require (node:internal/modules/cjs/loader:1235:19)
    at require (node:internal/modules/helpers:176:18)
    at Object.<anonymous> (C:\NewProgramacion\CoderHouse\BackEnd\src\config\config.js:2:19)
    at Module._compile (node:internal/modules/cjs/loader:1376:14)
    at Module._extensions..js (node:internal/modules/cjs/loader:1435:10)
    at Module.load (node:internal/modules/cjs/loader:1207:32)
    at Module._load (node:internal/modules/cjs/loader:1023:12)
    at Module.require (node:internal/modules/cjs/loader:1235:19)
2024-07-31T04:47:03.921Z [31merror[39m: uncaughtException: Cannot find module '../process/comander'
Require stack:
- C:\NewProgramacion\CoderHouse\BackEnd\src\config\config.js
- C:\NewProgramacion\CoderHouse\BackEnd\src\app.js
Error: Cannot find module '../process/comander'
Require stack:
- C:\NewProgramacion\CoderHouse\BackEnd\src\config\config.js
- C:\NewProgramacion\CoderHouse\BackEnd\src\app.js
    at Module._resolveFilename (node:internal/modules/cjs/loader:1144:15)
    at Module._load (node:internal/modules/cjs/loader:985:27)
    at Module.require (node:internal/modules/cjs/loader:1235:19)
    at require (node:internal/modules/helpers:176:18)
    at Object.<anonymous> (C:\NewProgramacion\CoderHouse\BackEnd\src\config\config.js:2:19)
    at Module._compile (node:internal/modules/cjs/loader:1376:14)
    at Module._extensions..js (node:internal/modules/cjs/loader:1435:10)
    at Module.load (node:internal/modules/cjs/loader:1207:32)
    at Module._load (node:internal/modules/cjs/loader:1023:12)
    at Module.require (node:internal/modules/cjs/loader:1235:19)
2024-07-31T04:47:08.130Z [31merror[39m: uncaughtException: Cannot find module '../process/comander'
Require stack:
- C:\NewProgramacion\CoderHouse\BackEnd\src\config\config.js
- C:\NewProgramacion\CoderHouse\BackEnd\src\app.js
Error: Cannot find module '../process/comander'
Require stack:
- C:\NewProgramacion\CoderHouse\BackEnd\src\config\config.js
- C:\NewProgramacion\CoderHouse\BackEnd\src\app.js
    at Module._resolveFilename (node:internal/modules/cjs/loader:1144:15)
    at Module._load (node:internal/modules/cjs/loader:985:27)
    at Module.require (node:internal/modules/cjs/loader:1235:19)
    at require (node:internal/modules/helpers:176:18)
    at Object.<anonymous> (C:\NewProgramacion\CoderHouse\BackEnd\src\config\config.js:2:19)
    at Module._compile (node:internal/modules/cjs/loader:1376:14)
    at Module._extensions..js (node:internal/modules/cjs/loader:1435:10)
    at Module.load (node:internal/modules/cjs/loader:1207:32)
    at Module._load (node:internal/modules/cjs/loader:1023:12)
    at Module.require (node:internal/modules/cjs/loader:1235:19)
2024-07-31T04:47:26.595Z [31merror[39m: uncaughtException: Cannot find module '../process/comander'
Require stack:
- C:\NewProgramacion\CoderHouse\BackEnd\src\config\config.js
- C:\NewProgramacion\CoderHouse\BackEnd\src\app.js
Error: Cannot find module '../process/comander'
Require stack:
- C:\NewProgramacion\CoderHouse\BackEnd\src\config\config.js
- C:\NewProgramacion\CoderHouse\BackEnd\src\app.js
    at Module._resolveFilename (node:internal/modules/cjs/loader:1144:15)
    at Module._load (node:internal/modules/cjs/loader:985:27)
    at Module.require (node:internal/modules/cjs/loader:1235:19)
    at require (node:internal/modules/helpers:176:18)
    at Object.<anonymous> (C:\NewProgramacion\CoderHouse\BackEnd\src\config\config.js:2:19)
    at Module._compile (node:internal/modules/cjs/loader:1376:14)
    at Module._extensions..js (node:internal/modules/cjs/loader:1435:10)
    at Module.load (node:internal/modules/cjs/loader:1207:32)
    at Module._load (node:internal/modules/cjs/loader:1023:12)
    at Module.require (node:internal/modules/cjs/loader:1235:19)
2024-07-31T04:47:34.963Z [31merror[39m: uncaughtException: Cannot find module '../process/comander'
Require stack:
- C:\NewProgramacion\CoderHouse\BackEnd\src\config\config.js
- C:\NewProgramacion\CoderHouse\BackEnd\src\app.js
Error: Cannot find module '../process/comander'
Require stack:
- C:\NewProgramacion\CoderHouse\BackEnd\src\config\config.js
- C:\NewProgramacion\CoderHouse\BackEnd\src\app.js
    at Module._resolveFilename (node:internal/modules/cjs/loader:1144:15)
    at Module._load (node:internal/modules/cjs/loader:985:27)
    at Module.require (node:internal/modules/cjs/loader:1235:19)
    at require (node:internal/modules/helpers:176:18)
    at Object.<anonymous> (C:\NewProgramacion\CoderHouse\BackEnd\src\config\config.js:2:19)
    at Module._compile (node:internal/modules/cjs/loader:1376:14)
    at Module._extensions..js (node:internal/modules/cjs/loader:1435:10)
    at Module.load (node:internal/modules/cjs/loader:1207:32)
    at Module._load (node:internal/modules/cjs/loader:1023:12)
    at Module.require (node:internal/modules/cjs/loader:1235:19)
2024-07-31T04:48:10.820Z [31merror[39m: uncaughtException: Cannot find module '../process/comander'
Require stack:
- C:\NewProgramacion\CoderHouse\BackEnd\src\config\config.js
- C:\NewProgramacion\CoderHouse\BackEnd\src\app.js
Error: Cannot find module '../process/comander'
Require stack:
- C:\NewProgramacion\CoderHouse\BackEnd\src\config\config.js
- C:\NewProgramacion\CoderHouse\BackEnd\src\app.js
    at Module._resolveFilename (node:internal/modules/cjs/loader:1144:15)
    at Module._load (node:internal/modules/cjs/loader:985:27)
    at Module.require (node:internal/modules/cjs/loader:1235:19)
    at require (node:internal/modules/helpers:176:18)
    at Object.<anonymous> (C:\NewProgramacion\CoderHouse\BackEnd\src\config\config.js:2:19)
    at Module._compile (node:internal/modules/cjs/loader:1376:14)
    at Module._extensions..js (node:internal/modules/cjs/loader:1435:10)
    at Module.load (node:internal/modules/cjs/loader:1207:32)
    at Module._load (node:internal/modules/cjs/loader:1023:12)
    at Module.require (node:internal/modules/cjs/loader:1235:19)
2024-07-31T04:48:19.037Z [31merror[39m: uncaughtException: Cannot find module '../process/comander'
Require stack:
- C:\NewProgramacion\CoderHouse\BackEnd\src\config\config.js
- C:\NewProgramacion\CoderHouse\BackEnd\src\app.js
Error: Cannot find module '../process/comander'
Require stack:
- C:\NewProgramacion\CoderHouse\BackEnd\src\config\config.js
- C:\NewProgramacion\CoderHouse\BackEnd\src\app.js
    at Module._resolveFilename (node:internal/modules/cjs/loader:1144:15)
    at Module._load (node:internal/modules/cjs/loader:985:27)
    at Module.require (node:internal/modules/cjs/loader:1235:19)
    at require (node:internal/modules/helpers:176:18)
    at Object.<anonymous> (C:\NewProgramacion\CoderHouse\BackEnd\src\config\config.js:2:19)
    at Module._compile (node:internal/modules/cjs/loader:1376:14)
    at Module._extensions..js (node:internal/modules/cjs/loader:1435:10)
    at Module.load (node:internal/modules/cjs/loader:1207:32)
    at Module._load (node:internal/modules/cjs/loader:1023:12)
    at Module.require (node:internal/modules/cjs/loader:1235:19)
2024-07-31T04:48:25.294Z [31merror[39m: uncaughtException: Cannot find module '../process/comander'
Require stack:
- C:\NewProgramacion\CoderHouse\BackEnd\src\config\config.js
- C:\NewProgramacion\CoderHouse\BackEnd\src\app.js
Error: Cannot find module '../process/comander'
Require stack:
- C:\NewProgramacion\CoderHouse\BackEnd\src\config\config.js
- C:\NewProgramacion\CoderHouse\BackEnd\src\app.js
    at Module._resolveFilename (node:internal/modules/cjs/loader:1144:15)
    at Module._load (node:internal/modules/cjs/loader:985:27)
    at Module.require (node:internal/modules/cjs/loader:1235:19)
    at require (node:internal/modules/helpers:176:18)
    at Object.<anonymous> (C:\NewProgramacion\CoderHouse\BackEnd\src\config\config.js:2:19)
    at Module._compile (node:internal/modules/cjs/loader:1376:14)
    at Module._extensions..js (node:internal/modules/cjs/loader:1435:10)
    at Module.load (node:internal/modules/cjs/loader:1207:32)
    at Module._load (node:internal/modules/cjs/loader:1023:12)
    at Module.require (node:internal/modules/cjs/loader:1235:19)
2024-07-31T04:48:31.287Z [31merror[39m: uncaughtException: Cannot find module '../process/comander'
Require stack:
- C:\NewProgramacion\CoderHouse\BackEnd\src\config\config.js
- C:\NewProgramacion\CoderHouse\BackEnd\src\app.js
Error: Cannot find module '../process/comander'
Require stack:
- C:\NewProgramacion\CoderHouse\BackEnd\src\config\config.js
- C:\NewProgramacion\CoderHouse\BackEnd\src\app.js
    at Module._resolveFilename (node:internal/modules/cjs/loader:1144:15)
    at Module._load (node:internal/modules/cjs/loader:985:27)
    at Module.require (node:internal/modules/cjs/loader:1235:19)
    at require (node:internal/modules/helpers:176:18)
    at Object.<anonymous> (C:\NewProgramacion\CoderHouse\BackEnd\src\config\config.js:2:19)
    at Module._compile (node:internal/modules/cjs/loader:1376:14)
    at Module._extensions..js (node:internal/modules/cjs/loader:1435:10)
    at Module.load (node:internal/modules/cjs/loader:1207:32)
    at Module._load (node:internal/modules/cjs/loader:1023:12)
    at Module.require (node:internal/modules/cjs/loader:1235:19)
2024-07-31T04:48:37.287Z [31merror[39m: uncaughtException: Cannot find module '../process/comander'
Require stack:
- C:\NewProgramacion\CoderHouse\BackEnd\src\config\config.js
- C:\NewProgramacion\CoderHouse\BackEnd\src\app.js
Error: Cannot find module '../process/comander'
Require stack:
- C:\NewProgramacion\CoderHouse\BackEnd\src\config\config.js
- C:\NewProgramacion\CoderHouse\BackEnd\src\app.js
    at Module._resolveFilename (node:internal/modules/cjs/loader:1144:15)
    at Module._load (node:internal/modules/cjs/loader:985:27)
    at Module.require (node:internal/modules/cjs/loader:1235:19)
    at require (node:internal/modules/helpers:176:18)
    at Object.<anonymous> (C:\NewProgramacion\CoderHouse\BackEnd\src\config\config.js:2:19)
    at Module._compile (node:internal/modules/cjs/loader:1376:14)
    at Module._extensions..js (node:internal/modules/cjs/loader:1435:10)
    at Module.load (node:internal/modules/cjs/loader:1207:32)
    at Module._load (node:internal/modules/cjs/loader:1023:12)
    at Module.require (node:internal/modules/cjs/loader:1235:19)
2024-07-31T04:48:56.180Z [31merror[39m: uncaughtException: Cannot find module '../process/comander'
Require stack:
- C:\NewProgramacion\CoderHouse\BackEnd\src\config\config.js
- C:\NewProgramacion\CoderHouse\BackEnd\src\app.js
Error: Cannot find module '../process/comander'
Require stack:
- C:\NewProgramacion\CoderHouse\BackEnd\src\config\config.js
- C:\NewProgramacion\CoderHouse\BackEnd\src\app.js
    at Module._resolveFilename (node:internal/modules/cjs/loader:1144:15)
    at Module._load (node:internal/modules/cjs/loader:985:27)
    at Module.require (node:internal/modules/cjs/loader:1235:19)
    at require (node:internal/modules/helpers:176:18)
    at Object.<anonymous> (C:\NewProgramacion\CoderHouse\BackEnd\src\config\config.js:2:19)
    at Module._compile (node:internal/modules/cjs/loader:1376:14)
    at Module._extensions..js (node:internal/modules/cjs/loader:1435:10)
    at Module.load (node:internal/modules/cjs/loader:1207:32)
    at Module._load (node:internal/modules/cjs/loader:1023:12)
    at Module.require (node:internal/modules/cjs/loader:1235:19)
2024-07-31T04:49:00.567Z [31merror[39m: uncaughtException: Cannot find module '../process/comander'
Require stack:
- C:\NewProgramacion\CoderHouse\BackEnd\src\config\config.js
- C:\NewProgramacion\CoderHouse\BackEnd\src\app.js
Error: Cannot find module '../process/comander'
Require stack:
- C:\NewProgramacion\CoderHouse\BackEnd\src\config\config.js
- C:\NewProgramacion\CoderHouse\BackEnd\src\app.js
    at Module._resolveFilename (node:internal/modules/cjs/loader:1144:15)
    at Module._load (node:internal/modules/cjs/loader:985:27)
    at Module.require (node:internal/modules/cjs/loader:1235:19)
    at require (node:internal/modules/helpers:176:18)
    at Object.<anonymous> (C:\NewProgramacion\CoderHouse\BackEnd\src\config\config.js:2:19)
    at Module._compile (node:internal/modules/cjs/loader:1376:14)
    at Module._extensions..js (node:internal/modules/cjs/loader:1435:10)
    at Module.load (node:internal/modules/cjs/loader:1207:32)
    at Module._load (node:internal/modules/cjs/loader:1023:12)
    at Module.require (node:internal/modules/cjs/loader:1235:19)
2024-07-31T04:49:16.054Z [31merror[39m: uncaughtException: Cannot find module '../process/comander'
Require stack:
- C:\NewProgramacion\CoderHouse\BackEnd\src\config\config.js
- C:\NewProgramacion\CoderHouse\BackEnd\src\app.js
Error: Cannot find module '../process/comander'
Require stack:
- C:\NewProgramacion\CoderHouse\BackEnd\src\config\config.js
- C:\NewProgramacion\CoderHouse\BackEnd\src\app.js
    at Module._resolveFilename (node:internal/modules/cjs/loader:1144:15)
    at Module._load (node:internal/modules/cjs/loader:985:27)
    at Module.require (node:internal/modules/cjs/loader:1235:19)
    at require (node:internal/modules/helpers:176:18)
    at Object.<anonymous> (C:\NewProgramacion\CoderHouse\BackEnd\src\config\config.js:2:19)
    at Module._compile (node:internal/modules/cjs/loader:1376:14)
    at Module._extensions..js (node:internal/modules/cjs/loader:1435:10)
    at Module.load (node:internal/modules/cjs/loader:1207:32)
    at Module._load (node:internal/modules/cjs/loader:1023:12)
    at Module.require (node:internal/modules/cjs/loader:1235:19)
2024-07-31T04:51:04.558Z [31merror[39m: uncaughtException: Cannot find module '../process/comander'
Require stack:
- C:\NewProgramacion\CoderHouse\BackEnd\src\config\config.js
- C:\NewProgramacion\CoderHouse\BackEnd\src\app.js
Error: Cannot find module '../process/comander'
Require stack:
- C:\NewProgramacion\CoderHouse\BackEnd\src\config\config.js
- C:\NewProgramacion\CoderHouse\BackEnd\src\app.js
    at Module._resolveFilename (node:internal/modules/cjs/loader:1144:15)
    at Module._load (node:internal/modules/cjs/loader:985:27)
    at Module.require (node:internal/modules/cjs/loader:1235:19)
    at require (node:internal/modules/helpers:176:18)
    at Object.<anonymous> (C:\NewProgramacion\CoderHouse\BackEnd\src\config\config.js:2:19)
    at Module._compile (node:internal/modules/cjs/loader:1376:14)
    at Module._extensions..js (node:internal/modules/cjs/loader:1435:10)
    at Module.load (node:internal/modules/cjs/loader:1207:32)
    at Module._load (node:internal/modules/cjs/loader:1023:12)
    at Module.require (node:internal/modules/cjs/loader:1235:19)
2024-07-31T04:51:37.303Z [31merror[39m: uncaughtException: Cannot find module '../process/comander'
Require stack:
- C:\NewProgramacion\CoderHouse\BackEnd\src\config\config.js
- C:\NewProgramacion\CoderHouse\BackEnd\src\app.js
Error: Cannot find module '../process/comander'
Require stack:
- C:\NewProgramacion\CoderHouse\BackEnd\src\config\config.js
- C:\NewProgramacion\CoderHouse\BackEnd\src\app.js
    at Module._resolveFilename (node:internal/modules/cjs/loader:1144:15)
    at Module._load (node:internal/modules/cjs/loader:985:27)
    at Module.require (node:internal/modules/cjs/loader:1235:19)
    at require (node:internal/modules/helpers:176:18)
    at Object.<anonymous> (C:\NewProgramacion\CoderHouse\BackEnd\src\config\config.js:2:19)
    at Module._compile (node:internal/modules/cjs/loader:1376:14)
    at Module._extensions..js (node:internal/modules/cjs/loader:1435:10)
    at Module.load (node:internal/modules/cjs/loader:1207:32)
    at Module._load (node:internal/modules/cjs/loader:1023:12)
    at Module.require (node:internal/modules/cjs/loader:1235:19)
2024-07-31T04:51:42.652Z [31merror[39m: uncaughtException: Cannot find module '../process/comander'
Require stack:
- C:\NewProgramacion\CoderHouse\BackEnd\src\config\config.js
- C:\NewProgramacion\CoderHouse\BackEnd\src\app.js
Error: Cannot find module '../process/comander'
Require stack:
- C:\NewProgramacion\CoderHouse\BackEnd\src\config\config.js
- C:\NewProgramacion\CoderHouse\BackEnd\src\app.js
    at Module._resolveFilename (node:internal/modules/cjs/loader:1144:15)
    at Module._load (node:internal/modules/cjs/loader:985:27)
    at Module.require (node:internal/modules/cjs/loader:1235:19)
    at require (node:internal/modules/helpers:176:18)
    at Object.<anonymous> (C:\NewProgramacion\CoderHouse\BackEnd\src\config\config.js:2:19)
    at Module._compile (node:internal/modules/cjs/loader:1376:14)
    at Module._extensions..js (node:internal/modules/cjs/loader:1435:10)
    at Module.load (node:internal/modules/cjs/loader:1207:32)
    at Module._load (node:internal/modules/cjs/loader:1023:12)
    at Module.require (node:internal/modules/cjs/loader:1235:19)
2024-07-31T04:51:50.742Z [31merror[39m: uncaughtException: Cannot find module '../process/comander'
Require stack:
- C:\NewProgramacion\CoderHouse\BackEnd\src\config\config.js
- C:\NewProgramacion\CoderHouse\BackEnd\src\app.js
Error: Cannot find module '../process/comander'
Require stack:
- C:\NewProgramacion\CoderHouse\BackEnd\src\config\config.js
- C:\NewProgramacion\CoderHouse\BackEnd\src\app.js
    at Module._resolveFilename (node:internal/modules/cjs/loader:1144:15)
    at Module._load (node:internal/modules/cjs/loader:985:27)
    at Module.require (node:internal/modules/cjs/loader:1235:19)
    at require (node:internal/modules/helpers:176:18)
    at Object.<anonymous> (C:\NewProgramacion\CoderHouse\BackEnd\src\config\config.js:2:19)
    at Module._compile (node:internal/modules/cjs/loader:1376:14)
    at Module._extensions..js (node:internal/modules/cjs/loader:1435:10)
    at Module.load (node:internal/modules/cjs/loader:1207:32)
    at Module._load (node:internal/modules/cjs/loader:1023:12)
    at Module.require (node:internal/modules/cjs/loader:1235:19)
2024-07-31T04:52:15.405Z [31merror[39m: uncaughtException: Cannot find module '../process/comander'
Require stack:
- C:\NewProgramacion\CoderHouse\BackEnd\src\config\config.js
- C:\NewProgramacion\CoderHouse\BackEnd\src\app.js
Error: Cannot find module '../process/comander'
Require stack:
- C:\NewProgramacion\CoderHouse\BackEnd\src\config\config.js
- C:\NewProgramacion\CoderHouse\BackEnd\src\app.js
    at Module._resolveFilename (node:internal/modules/cjs/loader:1144:15)
    at Module._load (node:internal/modules/cjs/loader:985:27)
    at Module.require (node:internal/modules/cjs/loader:1235:19)
    at require (node:internal/modules/helpers:176:18)
    at Object.<anonymous> (C:\NewProgramacion\CoderHouse\BackEnd\src\config\config.js:2:19)
    at Module._compile (node:internal/modules/cjs/loader:1376:14)
    at Module._extensions..js (node:internal/modules/cjs/loader:1435:10)
    at Module.load (node:internal/modules/cjs/loader:1207:32)
    at Module._load (node:internal/modules/cjs/loader:1023:12)
    at Module.require (node:internal/modules/cjs/loader:1235:19)
2024-07-31T04:52:24.240Z [31merror[39m: uncaughtException: Cannot find module '../process/comander'
Require stack:
- C:\NewProgramacion\CoderHouse\BackEnd\src\config\config.js
- C:\NewProgramacion\CoderHouse\BackEnd\src\app.js
Error: Cannot find module '../process/comander'
Require stack:
- C:\NewProgramacion\CoderHouse\BackEnd\src\config\config.js
- C:\NewProgramacion\CoderHouse\BackEnd\src\app.js
    at Module._resolveFilename (node:internal/modules/cjs/loader:1144:15)
    at Module._load (node:internal/modules/cjs/loader:985:27)
    at Module.require (node:internal/modules/cjs/loader:1235:19)
    at require (node:internal/modules/helpers:176:18)
    at Object.<anonymous> (C:\NewProgramacion\CoderHouse\BackEnd\src\config\config.js:2:19)
    at Module._compile (node:internal/modules/cjs/loader:1376:14)
    at Module._extensions..js (node:internal/modules/cjs/loader:1435:10)
    at Module.load (node:internal/modules/cjs/loader:1207:32)
    at Module._load (node:internal/modules/cjs/loader:1023:12)
    at Module.require (node:internal/modules/cjs/loader:1235:19)
2024-07-31T04:52:45.267Z [31merror[39m: uncaughtException: Cannot find module '../process/comander'
Require stack:
- C:\NewProgramacion\CoderHouse\BackEnd\src\config\config.js
- C:\NewProgramacion\CoderHouse\BackEnd\src\app.js
Error: Cannot find module '../process/comander'
Require stack:
- C:\NewProgramacion\CoderHouse\BackEnd\src\config\config.js
- C:\NewProgramacion\CoderHouse\BackEnd\src\app.js
    at Module._resolveFilename (node:internal/modules/cjs/loader:1144:15)
    at Module._load (node:internal/modules/cjs/loader:985:27)
    at Module.require (node:internal/modules/cjs/loader:1235:19)
    at require (node:internal/modules/helpers:176:18)
    at Object.<anonymous> (C:\NewProgramacion\CoderHouse\BackEnd\src\config\config.js:2:19)
    at Module._compile (node:internal/modules/cjs/loader:1376:14)
    at Module._extensions..js (node:internal/modules/cjs/loader:1435:10)
    at Module.load (node:internal/modules/cjs/loader:1207:32)
    at Module._load (node:internal/modules/cjs/loader:1023:12)
    at Module.require (node:internal/modules/cjs/loader:1235:19)
2024-07-31T04:53:11.808Z [31merror[39m: uncaughtException: Cannot find module '../process/comander'
Require stack:
- C:\NewProgramacion\CoderHouse\BackEnd\src\config\config.js
- C:\NewProgramacion\CoderHouse\BackEnd\src\app.js
Error: Cannot find module '../process/comander'
Require stack:
- C:\NewProgramacion\CoderHouse\BackEnd\src\config\config.js
- C:\NewProgramacion\CoderHouse\BackEnd\src\app.js
    at Module._resolveFilename (node:internal/modules/cjs/loader:1144:15)
    at Module._load (node:internal/modules/cjs/loader:985:27)
    at Module.require (node:internal/modules/cjs/loader:1235:19)
    at require (node:internal/modules/helpers:176:18)
    at Object.<anonymous> (C:\NewProgramacion\CoderHouse\BackEnd\src\config\config.js:2:19)
    at Module._compile (node:internal/modules/cjs/loader:1376:14)
    at Module._extensions..js (node:internal/modules/cjs/loader:1435:10)
    at Module.load (node:internal/modules/cjs/loader:1207:32)
    at Module._load (node:internal/modules/cjs/loader:1023:12)
    at Module.require (node:internal/modules/cjs/loader:1235:19)
2024-07-31T04:53:17.642Z [31merror[39m: uncaughtException: Cannot find module '../process/comander'
Require stack:
- C:\NewProgramacion\CoderHouse\BackEnd\src\config\config.js
- C:\NewProgramacion\CoderHouse\BackEnd\src\app.js
Error: Cannot find module '../process/comander'
Require stack:
- C:\NewProgramacion\CoderHouse\BackEnd\src\config\config.js
- C:\NewProgramacion\CoderHouse\BackEnd\src\app.js
    at Module._resolveFilename (node:internal/modules/cjs/loader:1144:15)
    at Module._load (node:internal/modules/cjs/loader:985:27)
    at Module.require (node:internal/modules/cjs/loader:1235:19)
    at require (node:internal/modules/helpers:176:18)
    at Object.<anonymous> (C:\NewProgramacion\CoderHouse\BackEnd\src\config\config.js:2:19)
    at Module._compile (node:internal/modules/cjs/loader:1376:14)
    at Module._extensions..js (node:internal/modules/cjs/loader:1435:10)
    at Module.load (node:internal/modules/cjs/loader:1207:32)
    at Module._load (node:internal/modules/cjs/loader:1023:12)
    at Module.require (node:internal/modules/cjs/loader:1235:19)
2024-07-31T04:53:36.319Z [31merror[39m: uncaughtException: Cannot find module '../process/comander'
Require stack:
- C:\NewProgramacion\CoderHouse\BackEnd\src\config\config.js
- C:\NewProgramacion\CoderHouse\BackEnd\src\app.js
Error: Cannot find module '../process/comander'
Require stack:
- C:\NewProgramacion\CoderHouse\BackEnd\src\config\config.js
- C:\NewProgramacion\CoderHouse\BackEnd\src\app.js
    at Module._resolveFilename (node:internal/modules/cjs/loader:1144:15)
    at Module._load (node:internal/modules/cjs/loader:985:27)
    at Module.require (node:internal/modules/cjs/loader:1235:19)
    at require (node:internal/modules/helpers:176:18)
    at Object.<anonymous> (C:\NewProgramacion\CoderHouse\BackEnd\src\config\config.js:2:19)
    at Module._compile (node:internal/modules/cjs/loader:1376:14)
    at Module._extensions..js (node:internal/modules/cjs/loader:1435:10)
    at Module.load (node:internal/modules/cjs/loader:1207:32)
    at Module._load (node:internal/modules/cjs/loader:1023:12)
    at Module.require (node:internal/modules/cjs/loader:1235:19)
2024-07-31T04:53:45.577Z [31merror[39m: uncaughtException: Cannot find module '../process/comander'
Require stack:
- C:\NewProgramacion\CoderHouse\BackEnd\src\config\config.js
- C:\NewProgramacion\CoderHouse\BackEnd\src\app.js
Error: Cannot find module '../process/comander'
Require stack:
- C:\NewProgramacion\CoderHouse\BackEnd\src\config\config.js
- C:\NewProgramacion\CoderHouse\BackEnd\src\app.js
    at Module._resolveFilename (node:internal/modules/cjs/loader:1144:15)
    at Module._load (node:internal/modules/cjs/loader:985:27)
    at Module.require (node:internal/modules/cjs/loader:1235:19)
    at require (node:internal/modules/helpers:176:18)
    at Object.<anonymous> (C:\NewProgramacion\CoderHouse\BackEnd\src\config\config.js:2:19)
    at Module._compile (node:internal/modules/cjs/loader:1376:14)
    at Module._extensions..js (node:internal/modules/cjs/loader:1435:10)
    at Module.load (node:internal/modules/cjs/loader:1207:32)
    at Module._load (node:internal/modules/cjs/loader:1023:12)
    at Module.require (node:internal/modules/cjs/loader:1235:19)
2024-07-31T04:53:58.521Z [31merror[39m: uncaughtException: Cannot find module '../process/comander'
Require stack:
- C:\NewProgramacion\CoderHouse\BackEnd\src\config\config.js
- C:\NewProgramacion\CoderHouse\BackEnd\src\app.js
Error: Cannot find module '../process/comander'
Require stack:
- C:\NewProgramacion\CoderHouse\BackEnd\src\config\config.js
- C:\NewProgramacion\CoderHouse\BackEnd\src\app.js
    at Module._resolveFilename (node:internal/modules/cjs/loader:1144:15)
    at Module._load (node:internal/modules/cjs/loader:985:27)
    at Module.require (node:internal/modules/cjs/loader:1235:19)
    at require (node:internal/modules/helpers:176:18)
    at Object.<anonymous> (C:\NewProgramacion\CoderHouse\BackEnd\src\config\config.js:2:19)
    at Module._compile (node:internal/modules/cjs/loader:1376:14)
    at Module._extensions..js (node:internal/modules/cjs/loader:1435:10)
    at Module.load (node:internal/modules/cjs/loader:1207:32)
    at Module._load (node:internal/modules/cjs/loader:1023:12)
    at Module.require (node:internal/modules/cjs/loader:1235:19)
2024-07-31T04:54:02.299Z [31merror[39m: uncaughtException: Cannot find module '../process/comander'
Require stack:
- C:\NewProgramacion\CoderHouse\BackEnd\src\config\config.js
- C:\NewProgramacion\CoderHouse\BackEnd\src\app.js
Error: Cannot find module '../process/comander'
Require stack:
- C:\NewProgramacion\CoderHouse\BackEnd\src\config\config.js
- C:\NewProgramacion\CoderHouse\BackEnd\src\app.js
    at Module._resolveFilename (node:internal/modules/cjs/loader:1144:15)
    at Module._load (node:internal/modules/cjs/loader:985:27)
    at Module.require (node:internal/modules/cjs/loader:1235:19)
    at require (node:internal/modules/helpers:176:18)
    at Object.<anonymous> (C:\NewProgramacion\CoderHouse\BackEnd\src\config\config.js:2:19)
    at Module._compile (node:internal/modules/cjs/loader:1376:14)
    at Module._extensions..js (node:internal/modules/cjs/loader:1435:10)
    at Module.load (node:internal/modules/cjs/loader:1207:32)
    at Module._load (node:internal/modules/cjs/loader:1023:12)
    at Module.require (node:internal/modules/cjs/loader:1235:19)
2024-07-31T04:55:10.590Z [31merror[39m: uncaughtException: Cannot find module '../process/comander'
Require stack:
- C:\NewProgramacion\CoderHouse\BackEnd\src\config\config.js
- C:\NewProgramacion\CoderHouse\BackEnd\src\app.js
Error: Cannot find module '../process/comander'
Require stack:
- C:\NewProgramacion\CoderHouse\BackEnd\src\config\config.js
- C:\NewProgramacion\CoderHouse\BackEnd\src\app.js
    at Module._resolveFilename (node:internal/modules/cjs/loader:1144:15)
    at Module._load (node:internal/modules/cjs/loader:985:27)
    at Module.require (node:internal/modules/cjs/loader:1235:19)
    at require (node:internal/modules/helpers:176:18)
    at Object.<anonymous> (C:\NewProgramacion\CoderHouse\BackEnd\src\config\config.js:2:19)
    at Module._compile (node:internal/modules/cjs/loader:1376:14)
    at Module._extensions..js (node:internal/modules/cjs/loader:1435:10)
    at Module.load (node:internal/modules/cjs/loader:1207:32)
    at Module._load (node:internal/modules/cjs/loader:1023:12)
    at Module.require (node:internal/modules/cjs/loader:1235:19)
2024-07-31T04:56:24.199Z [31merror[39m: uncaughtException: Cannot find module '../process/comander'
Require stack:
- C:\NewProgramacion\CoderHouse\BackEnd\src\config\config.js
- C:\NewProgramacion\CoderHouse\BackEnd\src\app.js
Error: Cannot find module '../process/comander'
Require stack:
- C:\NewProgramacion\CoderHouse\BackEnd\src\config\config.js
- C:\NewProgramacion\CoderHouse\BackEnd\src\app.js
    at Module._resolveFilename (node:internal/modules/cjs/loader:1144:15)
    at Module._load (node:internal/modules/cjs/loader:985:27)
    at Module.require (node:internal/modules/cjs/loader:1235:19)
    at require (node:internal/modules/helpers:176:18)
    at Object.<anonymous> (C:\NewProgramacion\CoderHouse\BackEnd\src\config\config.js:2:19)
    at Module._compile (node:internal/modules/cjs/loader:1376:14)
    at Module._extensions..js (node:internal/modules/cjs/loader:1435:10)
    at Module.load (node:internal/modules/cjs/loader:1207:32)
    at Module._load (node:internal/modules/cjs/loader:1023:12)
    at Module.require (node:internal/modules/cjs/loader:1235:19)
2024-07-31T04:56:38.434Z [31merror[39m: uncaughtException: Cannot find module '../process/comander'
Require stack:
- C:\NewProgramacion\CoderHouse\BackEnd\src\config\config.js
- C:\NewProgramacion\CoderHouse\BackEnd\src\app.js
Error: Cannot find module '../process/comander'
Require stack:
- C:\NewProgramacion\CoderHouse\BackEnd\src\config\config.js
- C:\NewProgramacion\CoderHouse\BackEnd\src\app.js
    at Module._resolveFilename (node:internal/modules/cjs/loader:1144:15)
    at Module._load (node:internal/modules/cjs/loader:985:27)
    at Module.require (node:internal/modules/cjs/loader:1235:19)
    at require (node:internal/modules/helpers:176:18)
    at Object.<anonymous> (C:\NewProgramacion\CoderHouse\BackEnd\src\config\config.js:2:19)
    at Module._compile (node:internal/modules/cjs/loader:1376:14)
    at Module._extensions..js (node:internal/modules/cjs/loader:1435:10)
    at Module.load (node:internal/modules/cjs/loader:1207:32)
    at Module._load (node:internal/modules/cjs/loader:1023:12)
    at Module.require (node:internal/modules/cjs/loader:1235:19)
2024-07-31T04:56:43.513Z [31merror[39m: uncaughtException: Cannot find module '../process/comander'
Require stack:
- C:\NewProgramacion\CoderHouse\BackEnd\src\config\config.js
- C:\NewProgramacion\CoderHouse\BackEnd\src\app.js
Error: Cannot find module '../process/comander'
Require stack:
- C:\NewProgramacion\CoderHouse\BackEnd\src\config\config.js
- C:\NewProgramacion\CoderHouse\BackEnd\src\app.js
    at Module._resolveFilename (node:internal/modules/cjs/loader:1144:15)
    at Module._load (node:internal/modules/cjs/loader:985:27)
    at Module.require (node:internal/modules/cjs/loader:1235:19)
    at require (node:internal/modules/helpers:176:18)
    at Object.<anonymous> (C:\NewProgramacion\CoderHouse\BackEnd\src\config\config.js:2:19)
    at Module._compile (node:internal/modules/cjs/loader:1376:14)
    at Module._extensions..js (node:internal/modules/cjs/loader:1435:10)
    at Module.load (node:internal/modules/cjs/loader:1207:32)
    at Module._load (node:internal/modules/cjs/loader:1023:12)
    at Module.require (node:internal/modules/cjs/loader:1235:19)
2024-07-31T04:58:56.545Z [31merror[39m: uncaughtException: Cannot find module '../process/comander'
Require stack:
- C:\NewProgramacion\CoderHouse\BackEnd\src\config\config.js
- C:\NewProgramacion\CoderHouse\BackEnd\src\app.js
Error: Cannot find module '../process/comander'
Require stack:
- C:\NewProgramacion\CoderHouse\BackEnd\src\config\config.js
- C:\NewProgramacion\CoderHouse\BackEnd\src\app.js
    at Module._resolveFilename (node:internal/modules/cjs/loader:1144:15)
    at Module._load (node:internal/modules/cjs/loader:985:27)
    at Module.require (node:internal/modules/cjs/loader:1235:19)
    at require (node:internal/modules/helpers:176:18)
    at Object.<anonymous> (C:\NewProgramacion\CoderHouse\BackEnd\src\config\config.js:2:19)
    at Module._compile (node:internal/modules/cjs/loader:1376:14)
    at Module._extensions..js (node:internal/modules/cjs/loader:1435:10)
    at Module.load (node:internal/modules/cjs/loader:1207:32)
    at Module._load (node:internal/modules/cjs/loader:1023:12)
    at Module.require (node:internal/modules/cjs/loader:1235:19)
2024-07-31T04:59:12.803Z [31merror[39m: uncaughtException: Cannot find module '../process/comander'
Require stack:
- C:\NewProgramacion\CoderHouse\BackEnd\src\config\config.js
- C:\NewProgramacion\CoderHouse\BackEnd\src\app.js
Error: Cannot find module '../process/comander'
Require stack:
- C:\NewProgramacion\CoderHouse\BackEnd\src\config\config.js
- C:\NewProgramacion\CoderHouse\BackEnd\src\app.js
    at Module._resolveFilename (node:internal/modules/cjs/loader:1144:15)
    at Module._load (node:internal/modules/cjs/loader:985:27)
    at Module.require (node:internal/modules/cjs/loader:1235:19)
    at require (node:internal/modules/helpers:176:18)
    at Object.<anonymous> (C:\NewProgramacion\CoderHouse\BackEnd\src\config\config.js:2:19)
    at Module._compile (node:internal/modules/cjs/loader:1376:14)
    at Module._extensions..js (node:internal/modules/cjs/loader:1435:10)
    at Module.load (node:internal/modules/cjs/loader:1207:32)
    at Module._load (node:internal/modules/cjs/loader:1023:12)
    at Module.require (node:internal/modules/cjs/loader:1235:19)
2024-07-31T04:59:17.870Z [31merror[39m: uncaughtException: Cannot find module '../process/comander'
Require stack:
- C:\NewProgramacion\CoderHouse\BackEnd\src\config\config.js
- C:\NewProgramacion\CoderHouse\BackEnd\src\app.js
Error: Cannot find module '../process/comander'
Require stack:
- C:\NewProgramacion\CoderHouse\BackEnd\src\config\config.js
- C:\NewProgramacion\CoderHouse\BackEnd\src\app.js
    at Module._resolveFilename (node:internal/modules/cjs/loader:1144:15)
    at Module._load (node:internal/modules/cjs/loader:985:27)
    at Module.require (node:internal/modules/cjs/loader:1235:19)
    at require (node:internal/modules/helpers:176:18)
    at Object.<anonymous> (C:\NewProgramacion\CoderHouse\BackEnd\src\config\config.js:2:19)
    at Module._compile (node:internal/modules/cjs/loader:1376:14)
    at Module._extensions..js (node:internal/modules/cjs/loader:1435:10)
    at Module.load (node:internal/modules/cjs/loader:1207:32)
    at Module._load (node:internal/modules/cjs/loader:1023:12)
    at Module.require (node:internal/modules/cjs/loader:1235:19)
2024-07-31T04:59:41.993Z [31merror[39m: uncaughtException: Cannot find module '../process/comander'
Require stack:
- C:\NewProgramacion\CoderHouse\BackEnd\src\config\config.js
- C:\NewProgramacion\CoderHouse\BackEnd\src\app.js
Error: Cannot find module '../process/comander'
Require stack:
- C:\NewProgramacion\CoderHouse\BackEnd\src\config\config.js
- C:\NewProgramacion\CoderHouse\BackEnd\src\app.js
    at Module._resolveFilename (node:internal/modules/cjs/loader:1144:15)
    at Module._load (node:internal/modules/cjs/loader:985:27)
    at Module.require (node:internal/modules/cjs/loader:1235:19)
    at require (node:internal/modules/helpers:176:18)
    at Object.<anonymous> (C:\NewProgramacion\CoderHouse\BackEnd\src\config\config.js:2:19)
    at Module._compile (node:internal/modules/cjs/loader:1376:14)
    at Module._extensions..js (node:internal/modules/cjs/loader:1435:10)
    at Module.load (node:internal/modules/cjs/loader:1207:32)
    at Module._load (node:internal/modules/cjs/loader:1023:12)
    at Module.require (node:internal/modules/cjs/loader:1235:19)
2024-07-31T05:00:33.603Z [31merror[39m: uncaughtException: Cannot find module '../process/comander'
Require stack:
- C:\NewProgramacion\CoderHouse\BackEnd\src\config\config.js
- C:\NewProgramacion\CoderHouse\BackEnd\src\app.js
Error: Cannot find module '../process/comander'
Require stack:
- C:\NewProgramacion\CoderHouse\BackEnd\src\config\config.js
- C:\NewProgramacion\CoderHouse\BackEnd\src\app.js
    at Module._resolveFilename (node:internal/modules/cjs/loader:1144:15)
    at Module._load (node:internal/modules/cjs/loader:985:27)
    at Module.require (node:internal/modules/cjs/loader:1235:19)
    at require (node:internal/modules/helpers:176:18)
    at Object.<anonymous> (C:\NewProgramacion\CoderHouse\BackEnd\src\config\config.js:2:19)
    at Module._compile (node:internal/modules/cjs/loader:1376:14)
    at Module._extensions..js (node:internal/modules/cjs/loader:1435:10)
    at Module.load (node:internal/modules/cjs/loader:1207:32)
    at Module._load (node:internal/modules/cjs/loader:1023:12)
    at Module.require (node:internal/modules/cjs/loader:1235:19)
2024-07-31T05:02:47.226Z [31merror[39m: uncaughtException: commander.opts is not a function
TypeError: commander.opts is not a function
    at Object.<anonymous> (C:\NewProgramacion\CoderHouse\BackEnd\src\config\config.js:3:28)
    at Module._compile (node:internal/modules/cjs/loader:1376:14)
    at Module._extensions..js (node:internal/modules/cjs/loader:1435:10)
    at Module.load (node:internal/modules/cjs/loader:1207:32)
    at Module._load (node:internal/modules/cjs/loader:1023:12)
    at Module.require (node:internal/modules/cjs/loader:1235:19)
    at require (node:internal/modules/helpers:176:18)
    at Object.<anonymous> (C:\NewProgramacion\CoderHouse\BackEnd\src\app.js:29:18)
    at Module._compile (node:internal/modules/cjs/loader:1376:14)
    at Module._extensions..js (node:internal/modules/cjs/loader:1435:10)
2024-07-31T05:05:01.070Z [31merror[39m: uncaughtException: Cannot init client. Please provide correct options
Error: Cannot init client. Please provide correct options
    at new MongoStore (C:\NewProgramacion\CoderHouse\BackEnd\node_modules\connect-mongo\build\main\lib\MongoStore.js:123:19)
    at MongoStore.create (C:\NewProgramacion\CoderHouse\BackEnd\node_modules\connect-mongo\build\main\lib\MongoStore.js:140:16)
    at Object.<anonymous> (C:\NewProgramacion\CoderHouse\BackEnd\src\app.js:53:23)
    at Module._compile (node:internal/modules/cjs/loader:1376:14)
    at Module._extensions..js (node:internal/modules/cjs/loader:1435:10)
    at Module.load (node:internal/modules/cjs/loader:1207:32)
    at Module._load (node:internal/modules/cjs/loader:1023:12)
    at Function.executeUserEntryPoint [as runMain] (node:internal/modules/run_main:135:12)
    at node:internal/main/run_main_module:28:49
2024-07-31T05:05:16.236Z [31merror[39m: uncaughtException: Cannot init client. Please provide correct options
Error: Cannot init client. Please provide correct options
    at new MongoStore (C:\NewProgramacion\CoderHouse\BackEnd\node_modules\connect-mongo\build\main\lib\MongoStore.js:123:19)
    at MongoStore.create (C:\NewProgramacion\CoderHouse\BackEnd\node_modules\connect-mongo\build\main\lib\MongoStore.js:140:16)
    at Object.<anonymous> (C:\NewProgramacion\CoderHouse\BackEnd\src\app.js:52:23)
    at Module._compile (node:internal/modules/cjs/loader:1376:14)
    at Module._extensions..js (node:internal/modules/cjs/loader:1435:10)
    at Module.load (node:internal/modules/cjs/loader:1207:32)
    at Module._load (node:internal/modules/cjs/loader:1023:12)
    at Function.executeUserEntryPoint [as runMain] (node:internal/modules/run_main:135:12)
    at node:internal/main/run_main_module:28:49
2024-07-31T05:05:27.073Z [31merror[39m: uncaughtException: Cannot init client. Please provide correct options
Error: Cannot init client. Please provide correct options
    at new MongoStore (C:\NewProgramacion\CoderHouse\BackEnd\node_modules\connect-mongo\build\main\lib\MongoStore.js:123:19)
    at MongoStore.create (C:\NewProgramacion\CoderHouse\BackEnd\node_modules\connect-mongo\build\main\lib\MongoStore.js:140:16)
    at Object.<anonymous> (C:\NewProgramacion\CoderHouse\BackEnd\src\app.js:52:23)
    at Module._compile (node:internal/modules/cjs/loader:1376:14)
    at Module._extensions..js (node:internal/modules/cjs/loader:1435:10)
    at Module.load (node:internal/modules/cjs/loader:1207:32)
    at Module._load (node:internal/modules/cjs/loader:1023:12)
    at Function.executeUserEntryPoint [as runMain] (node:internal/modules/run_main:135:12)
    at node:internal/main/run_main_module:28:49
2024-07-31T05:05:36.480Z [31merror[39m: uncaughtException: Cannot init client. Please provide correct options
Error: Cannot init client. Please provide correct options
    at new MongoStore (C:\NewProgramacion\CoderHouse\BackEnd\node_modules\connect-mongo\build\main\lib\MongoStore.js:123:19)
    at MongoStore.create (C:\NewProgramacion\CoderHouse\BackEnd\node_modules\connect-mongo\build\main\lib\MongoStore.js:140:16)
    at Object.<anonymous> (C:\NewProgramacion\CoderHouse\BackEnd\src\app.js:52:23)
    at Module._compile (node:internal/modules/cjs/loader:1376:14)
    at Module._extensions..js (node:internal/modules/cjs/loader:1435:10)
    at Module.load (node:internal/modules/cjs/loader:1207:32)
    at Module._load (node:internal/modules/cjs/loader:1023:12)
    at Function.executeUserEntryPoint [as runMain] (node:internal/modules/run_main:135:12)
    at node:internal/main/run_main_module:28:49
2024-07-31T05:05:53.045Z [31merror[39m: uncaughtException: Cannot init client. Please provide correct options
Error: Cannot init client. Please provide correct options
    at new MongoStore (C:\NewProgramacion\CoderHouse\BackEnd\node_modules\connect-mongo\build\main\lib\MongoStore.js:123:19)
    at MongoStore.create (C:\NewProgramacion\CoderHouse\BackEnd\node_modules\connect-mongo\build\main\lib\MongoStore.js:140:16)
    at Object.<anonymous> (C:\NewProgramacion\CoderHouse\BackEnd\src\app.js:52:23)
    at Module._compile (node:internal/modules/cjs/loader:1376:14)
    at Module._extensions..js (node:internal/modules/cjs/loader:1435:10)
    at Module.load (node:internal/modules/cjs/loader:1207:32)
    at Module._load (node:internal/modules/cjs/loader:1023:12)
    at Function.executeUserEntryPoint [as runMain] (node:internal/modules/run_main:135:12)
    at node:internal/main/run_main_module:28:49
2024-07-31T05:06:37.134Z [31merror[39m: uncaughtException: commander is not defined
ReferenceError: commander is not defined
    at Object.<anonymous> (C:\NewProgramacion\CoderHouse\BackEnd\src\process\comander.js:4:1)
    at Module._compile (node:internal/modules/cjs/loader:1376:14)
    at Module._extensions..js (node:internal/modules/cjs/loader:1435:10)
    at Module.load (node:internal/modules/cjs/loader:1207:32)
    at Module._load (node:internal/modules/cjs/loader:1023:12)
    at Module.require (node:internal/modules/cjs/loader:1235:19)
    at require (node:internal/modules/helpers:176:18)
    at Object.<anonymous> (C:\NewProgramacion\CoderHouse\BackEnd\src\config\config.js:2:19)
    at Module._compile (node:internal/modules/cjs/loader:1376:14)
    at Module._extensions..js (node:internal/modules/cjs/loader:1435:10)
2024-07-31T05:06:40.689Z [31merror[39m: uncaughtException: Cannot init client. Please provide correct options
Error: Cannot init client. Please provide correct options
    at new MongoStore (C:\NewProgramacion\CoderHouse\BackEnd\node_modules\connect-mongo\build\main\lib\MongoStore.js:123:19)
    at MongoStore.create (C:\NewProgramacion\CoderHouse\BackEnd\node_modules\connect-mongo\build\main\lib\MongoStore.js:140:16)
    at Object.<anonymous> (C:\NewProgramacion\CoderHouse\BackEnd\src\app.js:52:23)
    at Module._compile (node:internal/modules/cjs/loader:1376:14)
    at Module._extensions..js (node:internal/modules/cjs/loader:1435:10)
    at Module.load (node:internal/modules/cjs/loader:1207:32)
    at Module._load (node:internal/modules/cjs/loader:1023:12)
    at Function.executeUserEntryPoint [as runMain] (node:internal/modules/run_main:135:12)
    at node:internal/main/run_main_module:28:49
2024-07-31T05:06:48.803Z [31merror[39m: uncaughtException: Cannot init client. Please provide correct options
Error: Cannot init client. Please provide correct options
    at new MongoStore (C:\NewProgramacion\CoderHouse\BackEnd\node_modules\connect-mongo\build\main\lib\MongoStore.js:123:19)
    at MongoStore.create (C:\NewProgramacion\CoderHouse\BackEnd\node_modules\connect-mongo\build\main\lib\MongoStore.js:140:16)
    at Object.<anonymous> (C:\NewProgramacion\CoderHouse\BackEnd\src\app.js:52:23)
    at Module._compile (node:internal/modules/cjs/loader:1376:14)
    at Module._extensions..js (node:internal/modules/cjs/loader:1435:10)
    at Module.load (node:internal/modules/cjs/loader:1207:32)
    at Module._load (node:internal/modules/cjs/loader:1023:12)
    at Function.executeUserEntryPoint [as runMain] (node:internal/modules/run_main:135:12)
    at node:internal/main/run_main_module:28:49
2024-07-31T05:07:17.452Z [31merror[39m: uncaughtException: Cannot init client. Please provide correct options
Error: Cannot init client. Please provide correct options
    at new MongoStore (C:\NewProgramacion\CoderHouse\BackEnd\node_modules\connect-mongo\build\main\lib\MongoStore.js:123:19)
    at MongoStore.create (C:\NewProgramacion\CoderHouse\BackEnd\node_modules\connect-mongo\build\main\lib\MongoStore.js:140:16)
    at Object.<anonymous> (C:\NewProgramacion\CoderHouse\BackEnd\src\app.js:52:23)
    at Module._compile (node:internal/modules/cjs/loader:1376:14)
    at Module._extensions..js (node:internal/modules/cjs/loader:1435:10)
    at Module.load (node:internal/modules/cjs/loader:1207:32)
    at Module._load (node:internal/modules/cjs/loader:1023:12)
    at Function.executeUserEntryPoint [as runMain] (node:internal/modules/run_main:135:12)
    at node:internal/main/run_main_module:28:49
2024-07-31T05:07:21.886Z [31merror[39m: uncaughtException: Cannot init client. Please provide correct options
Error: Cannot init client. Please provide correct options
    at new MongoStore (C:\NewProgramacion\CoderHouse\BackEnd\node_modules\connect-mongo\build\main\lib\MongoStore.js:123:19)
    at MongoStore.create (C:\NewProgramacion\CoderHouse\BackEnd\node_modules\connect-mongo\build\main\lib\MongoStore.js:140:16)
    at Object.<anonymous> (C:\NewProgramacion\CoderHouse\BackEnd\src\app.js:52:23)
    at Module._compile (node:internal/modules/cjs/loader:1376:14)
    at Module._extensions..js (node:internal/modules/cjs/loader:1435:10)
    at Module.load (node:internal/modules/cjs/loader:1207:32)
    at Module._load (node:internal/modules/cjs/loader:1023:12)
    at Function.executeUserEntryPoint [as runMain] (node:internal/modules/run_main:135:12)
    at node:internal/main/run_main_module:28:49
2024-07-31T05:07:49.250Z [31merror[39m: uncaughtException: Cannot init client. Please provide correct options
Error: Cannot init client. Please provide correct options
    at new MongoStore (C:\NewProgramacion\CoderHouse\BackEnd\node_modules\connect-mongo\build\main\lib\MongoStore.js:123:19)
    at MongoStore.create (C:\NewProgramacion\CoderHouse\BackEnd\node_modules\connect-mongo\build\main\lib\MongoStore.js:140:16)
    at Object.<anonymous> (C:\NewProgramacion\CoderHouse\BackEnd\src\app.js:59:23)
    at Module._compile (node:internal/modules/cjs/loader:1376:14)
    at Module._extensions..js (node:internal/modules/cjs/loader:1435:10)
    at Module.load (node:internal/modules/cjs/loader:1207:32)
    at Module._load (node:internal/modules/cjs/loader:1023:12)
    at Function.executeUserEntryPoint [as runMain] (node:internal/modules/run_main:135:12)
    at node:internal/main/run_main_module:28:49
2024-07-31T05:08:39.322Z [31merror[39m: uncaughtException: Cannot init client. Please provide correct options
Error: Cannot init client. Please provide correct options
    at new MongoStore (C:\NewProgramacion\CoderHouse\BackEnd\node_modules\connect-mongo\build\main\lib\MongoStore.js:123:19)
    at MongoStore.create (C:\NewProgramacion\CoderHouse\BackEnd\node_modules\connect-mongo\build\main\lib\MongoStore.js:140:16)
    at Object.<anonymous> (C:\NewProgramacion\CoderHouse\BackEnd\src\app.js:58:23)
    at Module._compile (node:internal/modules/cjs/loader:1376:14)
    at Module._extensions..js (node:internal/modules/cjs/loader:1435:10)
    at Module.load (node:internal/modules/cjs/loader:1207:32)
    at Module._load (node:internal/modules/cjs/loader:1023:12)
    at Function.executeUserEntryPoint [as runMain] (node:internal/modules/run_main:135:12)
    at node:internal/main/run_main_module:28:49
2024-07-31T05:11:37.949Z [31merror[39m: uncaughtException: Cannot init client. Please provide correct options
Error: Cannot init client. Please provide correct options
    at new MongoStore (C:\NewProgramacion\CoderHouse\BackEnd\node_modules\connect-mongo\build\main\lib\MongoStore.js:123:19)
    at MongoStore.create (C:\NewProgramacion\CoderHouse\BackEnd\node_modules\connect-mongo\build\main\lib\MongoStore.js:140:16)
    at Object.<anonymous> (C:\NewProgramacion\CoderHouse\BackEnd\src\app.js:58:23)
    at Module._compile (node:internal/modules/cjs/loader:1376:14)
    at Module._extensions..js (node:internal/modules/cjs/loader:1435:10)
    at Module.load (node:internal/modules/cjs/loader:1207:32)
    at Module._load (node:internal/modules/cjs/loader:1023:12)
    at Function.executeUserEntryPoint [as runMain] (node:internal/modules/run_main:135:12)
    at node:internal/main/run_main_module:28:49
2024-07-31T05:11:48.726Z [31merror[39m: uncaughtException: Cannot init client. Please provide correct options
Error: Cannot init client. Please provide correct options
    at new MongoStore (C:\NewProgramacion\CoderHouse\BackEnd\node_modules\connect-mongo\build\main\lib\MongoStore.js:123:19)
    at MongoStore.create (C:\NewProgramacion\CoderHouse\BackEnd\node_modules\connect-mongo\build\main\lib\MongoStore.js:140:16)
    at Object.<anonymous> (C:\NewProgramacion\CoderHouse\BackEnd\src\app.js:58:23)
    at Module._compile (node:internal/modules/cjs/loader:1376:14)
    at Module._extensions..js (node:internal/modules/cjs/loader:1435:10)
    at Module.load (node:internal/modules/cjs/loader:1207:32)
    at Module._load (node:internal/modules/cjs/loader:1023:12)
    at Function.executeUserEntryPoint [as runMain] (node:internal/modules/run_main:135:12)
    at node:internal/main/run_main_module:28:49
2024-07-31T05:12:43.245Z [31merror[39m: uncaughtException: Cannot init client. Please provide correct options
Error: Cannot init client. Please provide correct options
    at new MongoStore (C:\NewProgramacion\CoderHouse\BackEnd\node_modules\connect-mongo\build\main\lib\MongoStore.js:123:19)
    at MongoStore.create (C:\NewProgramacion\CoderHouse\BackEnd\node_modules\connect-mongo\build\main\lib\MongoStore.js:140:16)
    at Object.<anonymous> (C:\NewProgramacion\CoderHouse\BackEnd\src\app.js:52:23)
    at Module._compile (node:internal/modules/cjs/loader:1376:14)
    at Module._extensions..js (node:internal/modules/cjs/loader:1435:10)
    at Module.load (node:internal/modules/cjs/loader:1207:32)
    at Module._load (node:internal/modules/cjs/loader:1023:12)
    at Function.executeUserEntryPoint [as runMain] (node:internal/modules/run_main:135:12)
    at node:internal/main/run_main_module:28:49
2024-07-31T05:13:01.562Z [31merror[39m: uncaughtException: Cannot init client. Please provide correct options
Error: Cannot init client. Please provide correct options
    at new MongoStore (C:\NewProgramacion\CoderHouse\BackEnd\node_modules\connect-mongo\build\main\lib\MongoStore.js:123:19)
    at MongoStore.create (C:\NewProgramacion\CoderHouse\BackEnd\node_modules\connect-mongo\build\main\lib\MongoStore.js:140:16)
    at Object.<anonymous> (C:\NewProgramacion\CoderHouse\BackEnd\src\app.js:53:23)
    at Module._compile (node:internal/modules/cjs/loader:1376:14)
    at Module._extensions..js (node:internal/modules/cjs/loader:1435:10)
    at Module.load (node:internal/modules/cjs/loader:1207:32)
    at Module._load (node:internal/modules/cjs/loader:1023:12)
    at Function.executeUserEntryPoint [as runMain] (node:internal/modules/run_main:135:12)
    at node:internal/main/run_main_module:28:49
2024-07-31T05:13:24.763Z [31merror[39m: uncaughtException: config is not defined
ReferenceError: config is not defined
    at Object.<anonymous> (C:\NewProgramacion\CoderHouse\BackEnd\src\app.js:27:30)
    at Module._compile (node:internal/modules/cjs/loader:1376:14)
    at Module._extensions..js (node:internal/modules/cjs/loader:1435:10)
    at Module.load (node:internal/modules/cjs/loader:1207:32)
    at Module._load (node:internal/modules/cjs/loader:1023:12)
    at Function.executeUserEntryPoint [as runMain] (node:internal/modules/run_main:135:12)
    at node:internal/main/run_main_module:28:49
2024-07-31T05:13:49.643Z [31merror[39m: uncaughtException: Cannot init client. Please provide correct options
Error: Cannot init client. Please provide correct options
    at new MongoStore (C:\NewProgramacion\CoderHouse\BackEnd\node_modules\connect-mongo\build\main\lib\MongoStore.js:123:19)
    at MongoStore.create (C:\NewProgramacion\CoderHouse\BackEnd\node_modules\connect-mongo\build\main\lib\MongoStore.js:140:16)
    at Object.<anonymous> (C:\NewProgramacion\CoderHouse\BackEnd\src\app.js:57:23)
    at Module._compile (node:internal/modules/cjs/loader:1376:14)
    at Module._extensions..js (node:internal/modules/cjs/loader:1435:10)
    at Module.load (node:internal/modules/cjs/loader:1207:32)
    at Module._load (node:internal/modules/cjs/loader:1023:12)
    at Function.executeUserEntryPoint [as runMain] (node:internal/modules/run_main:135:12)
    at node:internal/main/run_main_module:28:49
2024-07-31T05:14:07.017Z [31merror[39m: uncaughtException: Cannot init client. Please provide correct options
Error: Cannot init client. Please provide correct options
    at new MongoStore (C:\NewProgramacion\CoderHouse\BackEnd\node_modules\connect-mongo\build\main\lib\MongoStore.js:123:19)
    at MongoStore.create (C:\NewProgramacion\CoderHouse\BackEnd\node_modules\connect-mongo\build\main\lib\MongoStore.js:140:16)
    at Object.<anonymous> (C:\NewProgramacion\CoderHouse\BackEnd\src\app.js:57:23)
    at Module._compile (node:internal/modules/cjs/loader:1376:14)
    at Module._extensions..js (node:internal/modules/cjs/loader:1435:10)
    at Module.load (node:internal/modules/cjs/loader:1207:32)
    at Module._load (node:internal/modules/cjs/loader:1023:12)
    at Function.executeUserEntryPoint [as runMain] (node:internal/modules/run_main:135:12)
    at node:internal/main/run_main_module:28:49
2024-07-31T05:14:29.416Z [31merror[39m: uncaughtException: Cannot init client. Please provide correct options
Error: Cannot init client. Please provide correct options
    at new MongoStore (C:\NewProgramacion\CoderHouse\BackEnd\node_modules\connect-mongo\build\main\lib\MongoStore.js:123:19)
    at MongoStore.create (C:\NewProgramacion\CoderHouse\BackEnd\node_modules\connect-mongo\build\main\lib\MongoStore.js:140:16)
    at Object.<anonymous> (C:\NewProgramacion\CoderHouse\BackEnd\src\app.js:62:23)
    at Module._compile (node:internal/modules/cjs/loader:1376:14)
    at Module._extensions..js (node:internal/modules/cjs/loader:1435:10)
    at Module.load (node:internal/modules/cjs/loader:1207:32)
    at Module._load (node:internal/modules/cjs/loader:1023:12)
    at Function.executeUserEntryPoint [as runMain] (node:internal/modules/run_main:135:12)
    at node:internal/main/run_main_module:28:49
2024-07-31T05:14:51.184Z [31merror[39m: uncaughtException: SECRET_KEY_SESSION is not defined
ReferenceError: SECRET_KEY_SESSION is not defined
    at Object.<anonymous> (C:\NewProgramacion\CoderHouse\BackEnd\src\app.js:66:13)
    at Module._compile (node:internal/modules/cjs/loader:1376:14)
    at Module._extensions..js (node:internal/modules/cjs/loader:1435:10)
    at Module.load (node:internal/modules/cjs/loader:1207:32)
    at Module._load (node:internal/modules/cjs/loader:1023:12)
    at Function.executeUserEntryPoint [as runMain] (node:internal/modules/run_main:135:12)
    at node:internal/main/run_main_module:28:49
2024-07-31T05:15:01.881Z [31merror[39m: uncaughtException: SECRET_KEY_SESSION is not defined
ReferenceError: SECRET_KEY_SESSION is not defined
    at Object.<anonymous> (C:\NewProgramacion\CoderHouse\BackEnd\src\app.js:66:13)
    at Module._compile (node:internal/modules/cjs/loader:1376:14)
    at Module._extensions..js (node:internal/modules/cjs/loader:1435:10)
    at Module.load (node:internal/modules/cjs/loader:1207:32)
    at Module._load (node:internal/modules/cjs/loader:1023:12)
    at Function.executeUserEntryPoint [as runMain] (node:internal/modules/run_main:135:12)
    at node:internal/main/run_main_module:28:49
2024-07-31T05:15:50.352Z [31merror[39m: uncaughtException: Cannot init client. Please provide correct options
Error: Cannot init client. Please provide correct options
    at new MongoStore (C:\NewProgramacion\CoderHouse\BackEnd\node_modules\connect-mongo\build\main\lib\MongoStore.js:123:19)
    at MongoStore.create (C:\NewProgramacion\CoderHouse\BackEnd\node_modules\connect-mongo\build\main\lib\MongoStore.js:140:16)
    at Object.<anonymous> (C:\NewProgramacion\CoderHouse\BackEnd\src\app.js:63:23)
    at Module._compile (node:internal/modules/cjs/loader:1376:14)
    at Module._extensions..js (node:internal/modules/cjs/loader:1435:10)
    at Module.load (node:internal/modules/cjs/loader:1207:32)
    at Module._load (node:internal/modules/cjs/loader:1023:12)
    at Function.executeUserEntryPoint [as runMain] (node:internal/modules/run_main:135:12)
    at node:internal/main/run_main_module:28:49
2024-07-31T05:16:15.215Z [31merror[39m: uncaughtException: Cannot init client. Please provide correct options
Error: Cannot init client. Please provide correct options
    at new MongoStore (C:\NewProgramacion\CoderHouse\BackEnd\node_modules\connect-mongo\build\main\lib\MongoStore.js:123:19)
    at MongoStore.create (C:\NewProgramacion\CoderHouse\BackEnd\node_modules\connect-mongo\build\main\lib\MongoStore.js:140:16)
    at Object.<anonymous> (C:\NewProgramacion\CoderHouse\BackEnd\src\app.js:63:23)
    at Module._compile (node:internal/modules/cjs/loader:1376:14)
    at Module._extensions..js (node:internal/modules/cjs/loader:1435:10)
    at Module.load (node:internal/modules/cjs/loader:1207:32)
    at Module._load (node:internal/modules/cjs/loader:1023:12)
    at Function.executeUserEntryPoint [as runMain] (node:internal/modules/run_main:135:12)
    at node:internal/main/run_main_module:28:49
2024-07-31T05:16:51.357Z [31merror[39m: uncaughtException: Cannot init client. Please provide correct options
Error: Cannot init client. Please provide correct options
    at new MongoStore (C:\NewProgramacion\CoderHouse\BackEnd\node_modules\connect-mongo\build\main\lib\MongoStore.js:123:19)
    at MongoStore.create (C:\NewProgramacion\CoderHouse\BackEnd\node_modules\connect-mongo\build\main\lib\MongoStore.js:140:16)
    at Object.<anonymous> (C:\NewProgramacion\CoderHouse\BackEnd\src\app.js:63:23)
    at Module._compile (node:internal/modules/cjs/loader:1376:14)
    at Module._extensions..js (node:internal/modules/cjs/loader:1435:10)
    at Module.load (node:internal/modules/cjs/loader:1207:32)
    at Module._load (node:internal/modules/cjs/loader:1023:12)
    at Function.executeUserEntryPoint [as runMain] (node:internal/modules/run_main:135:12)
    at node:internal/main/run_main_module:28:49
2024-07-31T05:17:37.361Z [31merror[39m: uncaughtException: Cannot init client. Please provide correct options
Error: Cannot init client. Please provide correct options
    at new MongoStore (C:\NewProgramacion\CoderHouse\BackEnd\node_modules\connect-mongo\build\main\lib\MongoStore.js:123:19)
    at MongoStore.create (C:\NewProgramacion\CoderHouse\BackEnd\node_modules\connect-mongo\build\main\lib\MongoStore.js:140:16)
    at Object.<anonymous> (C:\NewProgramacion\CoderHouse\BackEnd\src\app.js:63:23)
    at Module._compile (node:internal/modules/cjs/loader:1376:14)
    at Module._extensions..js (node:internal/modules/cjs/loader:1435:10)
    at Module.load (node:internal/modules/cjs/loader:1207:32)
    at Module._load (node:internal/modules/cjs/loader:1023:12)
    at Function.executeUserEntryPoint [as runMain] (node:internal/modules/run_main:135:12)
    at node:internal/main/run_main_module:28:49
2024-07-31T05:19:39.510Z [31merror[39m: uncaughtException: Cannot init client. Please provide correct options
Error: Cannot init client. Please provide correct options
    at new MongoStore (C:\NewProgramacion\CoderHouse\BackEnd\node_modules\connect-mongo\build\main\lib\MongoStore.js:123:19)
    at MongoStore.create (C:\NewProgramacion\CoderHouse\BackEnd\node_modules\connect-mongo\build\main\lib\MongoStore.js:140:16)
    at Object.<anonymous> (C:\NewProgramacion\CoderHouse\BackEnd\src\app.js:63:23)
    at Module._compile (node:internal/modules/cjs/loader:1376:14)
    at Module._extensions..js (node:internal/modules/cjs/loader:1435:10)
    at Module.load (node:internal/modules/cjs/loader:1207:32)
    at Module._load (node:internal/modules/cjs/loader:1023:12)
    at Function.executeUserEntryPoint [as runMain] (node:internal/modules/run_main:135:12)
    at node:internal/main/run_main_module:28:49
2024-07-31T05:22:42.978Z [31merror[39m: uncaughtException: GMAIL_PASSWORD is not defined
ReferenceError: GMAIL_PASSWORD is not defined
    at Object.<anonymous> (C:\NewProgramacion\CoderHouse\BackEnd\src\utils\sendMail.js:13:11)
    at Module._compile (node:internal/modules/cjs/loader:1376:14)
    at Module._extensions..js (node:internal/modules/cjs/loader:1435:10)
    at Module.load (node:internal/modules/cjs/loader:1207:32)
    at Module._load (node:internal/modules/cjs/loader:1023:12)
    at Module.require (node:internal/modules/cjs/loader:1235:19)
    at require (node:internal/modules/helpers:176:18)
    at Object.<anonymous> (C:\NewProgramacion\CoderHouse\BackEnd\src\routes\session.routes.js:4:36)
    at Module._compile (node:internal/modules/cjs/loader:1376:14)
    at Module._extensions..js (node:internal/modules/cjs/loader:1435:10)
2024-07-31T05:22:51.426Z [31merror[39m: uncaughtException: GMAIL_PASSWORD is not defined
ReferenceError: GMAIL_PASSWORD is not defined
    at Object.<anonymous> (C:\NewProgramacion\CoderHouse\BackEnd\src\utils\sendMail.js:13:11)
    at Module._compile (node:internal/modules/cjs/loader:1376:14)
    at Module._extensions..js (node:internal/modules/cjs/loader:1435:10)
    at Module.load (node:internal/modules/cjs/loader:1207:32)
    at Module._load (node:internal/modules/cjs/loader:1023:12)
    at Module.require (node:internal/modules/cjs/loader:1235:19)
    at require (node:internal/modules/helpers:176:18)
    at Object.<anonymous> (C:\NewProgramacion\CoderHouse\BackEnd\src\routes\session.routes.js:4:36)
    at Module._compile (node:internal/modules/cjs/loader:1376:14)
    at Module._extensions..js (node:internal/modules/cjs/loader:1435:10)
2024-07-31T05:23:07.967Z [31merror[39m: uncaughtException: GMAIL_PASS_APP is not defined
ReferenceError: GMAIL_PASS_APP is not defined
    at Object.<anonymous> (C:\NewProgramacion\CoderHouse\BackEnd\src\utils\sendMail.js:13:11)
    at Module._compile (node:internal/modules/cjs/loader:1376:14)
    at Module._extensions..js (node:internal/modules/cjs/loader:1435:10)
    at Module.load (node:internal/modules/cjs/loader:1207:32)
    at Module._load (node:internal/modules/cjs/loader:1023:12)
    at Module.require (node:internal/modules/cjs/loader:1235:19)
    at require (node:internal/modules/helpers:176:18)
    at Object.<anonymous> (C:\NewProgramacion\CoderHouse\BackEnd\src\routes\session.routes.js:4:36)
    at Module._compile (node:internal/modules/cjs/loader:1376:14)
    at Module._extensions..js (node:internal/modules/cjs/loader:1435:10)
2024-07-31T14:33:03.676Z [31merror[39m: uncaughtException: Cannot init client. Please provide correct options
Error: Cannot init client. Please provide correct options
    at new MongoStore (C:\NewProgramacion\CoderHouse\BackEnd\node_modules\connect-mongo\build\main\lib\MongoStore.js:123:19)
    at MongoStore.create (C:\NewProgramacion\CoderHouse\BackEnd\node_modules\connect-mongo\build\main\lib\MongoStore.js:140:16)
    at Object.<anonymous> (C:\NewProgramacion\CoderHouse\BackEnd\src\app.js:57:23)
    at Module._compile (node:internal/modules/cjs/loader:1376:14)
    at Module._extensions..js (node:internal/modules/cjs/loader:1435:10)
    at Module.load (node:internal/modules/cjs/loader:1207:32)
    at Module._load (node:internal/modules/cjs/loader:1023:12)
    at Function.executeUserEntryPoint [as runMain] (node:internal/modules/run_main:135:12)
    at node:internal/main/run_main_module:28:49
2024-07-31T14:34:20.037Z [31merror[39m: uncaughtException: Cannot find module '../services/stripeService'
Require stack:
- C:\NewProgramacion\CoderHouse\BackEnd\src\controllers\paymentController.js
- C:\NewProgramacion\CoderHouse\BackEnd\src\routes\payment.routes.js
- C:\NewProgramacion\CoderHouse\BackEnd\src\app.js
Error: Cannot find module '../services/stripeService'
Require stack:
- C:\NewProgramacion\CoderHouse\BackEnd\src\controllers\paymentController.js
- C:\NewProgramacion\CoderHouse\BackEnd\src\routes\payment.routes.js
- C:\NewProgramacion\CoderHouse\BackEnd\src\app.js
    at Module._resolveFilename (node:internal/modules/cjs/loader:1144:15)
    at Module._load (node:internal/modules/cjs/loader:985:27)
    at Module.require (node:internal/modules/cjs/loader:1235:19)
    at require (node:internal/modules/helpers:176:18)
    at Object.<anonymous> (C:\NewProgramacion\CoderHouse\BackEnd\src\controllers\paymentController.js:3:23)
    at Module._compile (node:internal/modules/cjs/loader:1376:14)
    at Module._extensions..js (node:internal/modules/cjs/loader:1435:10)
    at Module.load (node:internal/modules/cjs/loader:1207:32)
    at Module._load (node:internal/modules/cjs/loader:1023:12)
    at Module.require (node:internal/modules/cjs/loader:1235:19)
2024-07-31T14:34:29.542Z [31merror[39m: uncaughtException: Cannot find module '../services/stripeService'
Require stack:
- C:\NewProgramacion\CoderHouse\BackEnd\src\controllers\paymentController.js
- C:\NewProgramacion\CoderHouse\BackEnd\src\routes\payment.routes.js
- C:\NewProgramacion\CoderHouse\BackEnd\src\app.js
Error: Cannot find module '../services/stripeService'
Require stack:
- C:\NewProgramacion\CoderHouse\BackEnd\src\controllers\paymentController.js
- C:\NewProgramacion\CoderHouse\BackEnd\src\routes\payment.routes.js
- C:\NewProgramacion\CoderHouse\BackEnd\src\app.js
    at Module._resolveFilename (node:internal/modules/cjs/loader:1144:15)
    at Module._load (node:internal/modules/cjs/loader:985:27)
    at Module.require (node:internal/modules/cjs/loader:1235:19)
    at require (node:internal/modules/helpers:176:18)
    at Object.<anonymous> (C:\NewProgramacion\CoderHouse\BackEnd\src\controllers\paymentController.js:3:23)
    at Module._compile (node:internal/modules/cjs/loader:1376:14)
    at Module._extensions..js (node:internal/modules/cjs/loader:1435:10)
    at Module.load (node:internal/modules/cjs/loader:1207:32)
    at Module._load (node:internal/modules/cjs/loader:1023:12)
    at Module.require (node:internal/modules/cjs/loader:1235:19)
2024-07-31T14:34:42.962Z [31merror[39m: uncaughtException: Cannot find module '../services/stripeService'
Require stack:
- C:\NewProgramacion\CoderHouse\BackEnd\src\controllers\paymentController.js
- C:\NewProgramacion\CoderHouse\BackEnd\src\routes\payment.routes.js
- C:\NewProgramacion\CoderHouse\BackEnd\src\app.js
Error: Cannot find module '../services/stripeService'
Require stack:
- C:\NewProgramacion\CoderHouse\BackEnd\src\controllers\paymentController.js
- C:\NewProgramacion\CoderHouse\BackEnd\src\routes\payment.routes.js
- C:\NewProgramacion\CoderHouse\BackEnd\src\app.js
    at Module._resolveFilename (node:internal/modules/cjs/loader:1144:15)
    at Module._load (node:internal/modules/cjs/loader:985:27)
    at Module.require (node:internal/modules/cjs/loader:1235:19)
    at require (node:internal/modules/helpers:176:18)
    at Object.<anonymous> (C:\NewProgramacion\CoderHouse\BackEnd\src\controllers\paymentController.js:3:23)
    at Module._compile (node:internal/modules/cjs/loader:1376:14)
    at Module._extensions..js (node:internal/modules/cjs/loader:1435:10)
    at Module.load (node:internal/modules/cjs/loader:1207:32)
    at Module._load (node:internal/modules/cjs/loader:1023:12)
    at Module.require (node:internal/modules/cjs/loader:1235:19)
2024-07-31T14:34:48.732Z [31merror[39m: uncaughtException: Cannot find module '../services/stripeService'
Require stack:
- C:\NewProgramacion\CoderHouse\BackEnd\src\controllers\paymentController.js
- C:\NewProgramacion\CoderHouse\BackEnd\src\routes\payment.routes.js
- C:\NewProgramacion\CoderHouse\BackEnd\src\app.js
Error: Cannot find module '../services/stripeService'
Require stack:
- C:\NewProgramacion\CoderHouse\BackEnd\src\controllers\paymentController.js
- C:\NewProgramacion\CoderHouse\BackEnd\src\routes\payment.routes.js
- C:\NewProgramacion\CoderHouse\BackEnd\src\app.js
    at Module._resolveFilename (node:internal/modules/cjs/loader:1144:15)
    at Module._load (node:internal/modules/cjs/loader:985:27)
    at Module.require (node:internal/modules/cjs/loader:1235:19)
    at require (node:internal/modules/helpers:176:18)
    at Object.<anonymous> (C:\NewProgramacion\CoderHouse\BackEnd\src\controllers\paymentController.js:3:23)
    at Module._compile (node:internal/modules/cjs/loader:1376:14)
    at Module._extensions..js (node:internal/modules/cjs/loader:1435:10)
    at Module.load (node:internal/modules/cjs/loader:1207:32)
    at Module._load (node:internal/modules/cjs/loader:1023:12)
    at Module.require (node:internal/modules/cjs/loader:1235:19)
2024-07-31T14:34:57.004Z [31merror[39m: uncaughtException: Cannot find module '../services/stripeService'
Require stack:
- C:\NewProgramacion\CoderHouse\BackEnd\src\controllers\paymentController.js
- C:\NewProgramacion\CoderHouse\BackEnd\src\routes\payment.routes.js
- C:\NewProgramacion\CoderHouse\BackEnd\src\app.js
Error: Cannot find module '../services/stripeService'
Require stack:
- C:\NewProgramacion\CoderHouse\BackEnd\src\controllers\paymentController.js
- C:\NewProgramacion\CoderHouse\BackEnd\src\routes\payment.routes.js
- C:\NewProgramacion\CoderHouse\BackEnd\src\app.js
    at Module._resolveFilename (node:internal/modules/cjs/loader:1144:15)
    at Module._load (node:internal/modules/cjs/loader:985:27)
    at Module.require (node:internal/modules/cjs/loader:1235:19)
    at require (node:internal/modules/helpers:176:18)
    at Object.<anonymous> (C:\NewProgramacion\CoderHouse\BackEnd\src\controllers\paymentController.js:3:23)
    at Module._compile (node:internal/modules/cjs/loader:1376:14)
    at Module._extensions..js (node:internal/modules/cjs/loader:1435:10)
    at Module.load (node:internal/modules/cjs/loader:1207:32)
    at Module._load (node:internal/modules/cjs/loader:1023:12)
    at Module.require (node:internal/modules/cjs/loader:1235:19)
2024-07-31T14:35:05.272Z [31merror[39m: uncaughtException: Cannot find module '../services/stripeService'
Require stack:
- C:\NewProgramacion\CoderHouse\BackEnd\src\controllers\paymentController.js
- C:\NewProgramacion\CoderHouse\BackEnd\src\routes\payment.routes.js
- C:\NewProgramacion\CoderHouse\BackEnd\src\app.js
Error: Cannot find module '../services/stripeService'
Require stack:
- C:\NewProgramacion\CoderHouse\BackEnd\src\controllers\paymentController.js
- C:\NewProgramacion\CoderHouse\BackEnd\src\routes\payment.routes.js
- C:\NewProgramacion\CoderHouse\BackEnd\src\app.js
    at Module._resolveFilename (node:internal/modules/cjs/loader:1144:15)
    at Module._load (node:internal/modules/cjs/loader:985:27)
    at Module.require (node:internal/modules/cjs/loader:1235:19)
    at require (node:internal/modules/helpers:176:18)
    at Object.<anonymous> (C:\NewProgramacion\CoderHouse\BackEnd\src\controllers\paymentController.js:3:23)
    at Module._compile (node:internal/modules/cjs/loader:1376:14)
    at Module._extensions..js (node:internal/modules/cjs/loader:1435:10)
    at Module.load (node:internal/modules/cjs/loader:1207:32)
    at Module._load (node:internal/modules/cjs/loader:1023:12)
    at Module.require (node:internal/modules/cjs/loader:1235:19)
2024-07-31T14:35:11.636Z [31merror[39m: uncaughtException: Cannot find module '../services/stripeService'
Require stack:
- C:\NewProgramacion\CoderHouse\BackEnd\src\controllers\paymentController.js
- C:\NewProgramacion\CoderHouse\BackEnd\src\routes\payment.routes.js
- C:\NewProgramacion\CoderHouse\BackEnd\src\app.js
Error: Cannot find module '../services/stripeService'
Require stack:
- C:\NewProgramacion\CoderHouse\BackEnd\src\controllers\paymentController.js
- C:\NewProgramacion\CoderHouse\BackEnd\src\routes\payment.routes.js
- C:\NewProgramacion\CoderHouse\BackEnd\src\app.js
    at Module._resolveFilename (node:internal/modules/cjs/loader:1144:15)
    at Module._load (node:internal/modules/cjs/loader:985:27)
    at Module.require (node:internal/modules/cjs/loader:1235:19)
    at require (node:internal/modules/helpers:176:18)
    at Object.<anonymous> (C:\NewProgramacion\CoderHouse\BackEnd\src\controllers\paymentController.js:3:23)
    at Module._compile (node:internal/modules/cjs/loader:1376:14)
    at Module._extensions..js (node:internal/modules/cjs/loader:1435:10)
    at Module.load (node:internal/modules/cjs/loader:1207:32)
    at Module._load (node:internal/modules/cjs/loader:1023:12)
    at Module.require (node:internal/modules/cjs/loader:1235:19)
2024-07-31T14:35:18.461Z [31merror[39m: uncaughtException: Cannot find module '../services/stripeService'
Require stack:
- C:\NewProgramacion\CoderHouse\BackEnd\src\controllers\paymentController.js
- C:\NewProgramacion\CoderHouse\BackEnd\src\routes\payment.routes.js
- C:\NewProgramacion\CoderHouse\BackEnd\src\app.js
Error: Cannot find module '../services/stripeService'
Require stack:
- C:\NewProgramacion\CoderHouse\BackEnd\src\controllers\paymentController.js
- C:\NewProgramacion\CoderHouse\BackEnd\src\routes\payment.routes.js
- C:\NewProgramacion\CoderHouse\BackEnd\src\app.js
    at Module._resolveFilename (node:internal/modules/cjs/loader:1144:15)
    at Module._load (node:internal/modules/cjs/loader:985:27)
    at Module.require (node:internal/modules/cjs/loader:1235:19)
    at require (node:internal/modules/helpers:176:18)
    at Object.<anonymous> (C:\NewProgramacion\CoderHouse\BackEnd\src\controllers\paymentController.js:3:23)
    at Module._compile (node:internal/modules/cjs/loader:1376:14)
    at Module._extensions..js (node:internal/modules/cjs/loader:1435:10)
    at Module.load (node:internal/modules/cjs/loader:1207:32)
    at Module._load (node:internal/modules/cjs/loader:1023:12)
    at Module.require (node:internal/modules/cjs/loader:1235:19)
2024-07-31T14:35:24.072Z [31merror[39m: uncaughtException: Cannot find module '../services/stripeService'
Require stack:
- C:\NewProgramacion\CoderHouse\BackEnd\src\controllers\paymentController.js
- C:\NewProgramacion\CoderHouse\BackEnd\src\routes\payment.routes.js
- C:\NewProgramacion\CoderHouse\BackEnd\src\app.js
Error: Cannot find module '../services/stripeService'
Require stack:
- C:\NewProgramacion\CoderHouse\BackEnd\src\controllers\paymentController.js
- C:\NewProgramacion\CoderHouse\BackEnd\src\routes\payment.routes.js
- C:\NewProgramacion\CoderHouse\BackEnd\src\app.js
    at Module._resolveFilename (node:internal/modules/cjs/loader:1144:15)
    at Module._load (node:internal/modules/cjs/loader:985:27)
    at Module.require (node:internal/modules/cjs/loader:1235:19)
    at require (node:internal/modules/helpers:176:18)
    at Object.<anonymous> (C:\NewProgramacion\CoderHouse\BackEnd\src\controllers\paymentController.js:3:23)
    at Module._compile (node:internal/modules/cjs/loader:1376:14)
    at Module._extensions..js (node:internal/modules/cjs/loader:1435:10)
    at Module.load (node:internal/modules/cjs/loader:1207:32)
    at Module._load (node:internal/modules/cjs/loader:1023:12)
    at Module.require (node:internal/modules/cjs/loader:1235:19)
2024-07-31T14:35:41.873Z [31merror[39m: uncaughtException: paymentRouter is not defined
ReferenceError: paymentRouter is not defined
    at Object.<anonymous> (C:\NewProgramacion\CoderHouse\BackEnd\src\app.js:105:21)
    at Module._compile (node:internal/modules/cjs/loader:1376:14)
    at Module._extensions..js (node:internal/modules/cjs/loader:1435:10)
    at Module.load (node:internal/modules/cjs/loader:1207:32)
    at Module._load (node:internal/modules/cjs/loader:1023:12)
    at Function.executeUserEntryPoint [as runMain] (node:internal/modules/run_main:135:12)
    at node:internal/main/run_main_module:28:49
2024-07-31T14:35:47.726Z [31merror[39m: uncaughtException: paymentRouter is not defined
ReferenceError: paymentRouter is not defined
    at Object.<anonymous> (C:\NewProgramacion\CoderHouse\BackEnd\src\app.js:105:21)
    at Module._compile (node:internal/modules/cjs/loader:1376:14)
    at Module._extensions..js (node:internal/modules/cjs/loader:1435:10)
    at Module.load (node:internal/modules/cjs/loader:1207:32)
    at Module._load (node:internal/modules/cjs/loader:1023:12)
    at Function.executeUserEntryPoint [as runMain] (node:internal/modules/run_main:135:12)
    at node:internal/main/run_main_module:28:49
2024-07-31T14:36:19.559Z [31merror[39m: uncaughtException: Cannot find module '../services/stripeService'
Require stack:
- C:\NewProgramacion\CoderHouse\BackEnd\src\controllers\paymentController.js
- C:\NewProgramacion\CoderHouse\BackEnd\src\routes\payment.routes.js
- C:\NewProgramacion\CoderHouse\BackEnd\src\app.js
Error: Cannot find module '../services/stripeService'
Require stack:
- C:\NewProgramacion\CoderHouse\BackEnd\src\controllers\paymentController.js
- C:\NewProgramacion\CoderHouse\BackEnd\src\routes\payment.routes.js
- C:\NewProgramacion\CoderHouse\BackEnd\src\app.js
    at Module._resolveFilename (node:internal/modules/cjs/loader:1144:15)
    at Module._load (node:internal/modules/cjs/loader:985:27)
    at Module.require (node:internal/modules/cjs/loader:1235:19)
    at require (node:internal/modules/helpers:176:18)
    at Object.<anonymous> (C:\NewProgramacion\CoderHouse\BackEnd\src\controllers\paymentController.js:3:23)
    at Module._compile (node:internal/modules/cjs/loader:1376:14)
    at Module._extensions..js (node:internal/modules/cjs/loader:1435:10)
    at Module.load (node:internal/modules/cjs/loader:1207:32)
    at Module._load (node:internal/modules/cjs/loader:1023:12)
    at Module.require (node:internal/modules/cjs/loader:1235:19)
2024-07-31T14:37:22.685Z [31merror[39m: uncaughtException: Cannot find module '../services/stripeService'
Require stack:
- C:\NewProgramacion\CoderHouse\BackEnd\src\controllers\paymentController.js
- C:\NewProgramacion\CoderHouse\BackEnd\src\routes\payment.routes.js
- C:\NewProgramacion\CoderHouse\BackEnd\src\app.js
Error: Cannot find module '../services/stripeService'
Require stack:
- C:\NewProgramacion\CoderHouse\BackEnd\src\controllers\paymentController.js
- C:\NewProgramacion\CoderHouse\BackEnd\src\routes\payment.routes.js
- C:\NewProgramacion\CoderHouse\BackEnd\src\app.js
    at Module._resolveFilename (node:internal/modules/cjs/loader:1144:15)
    at Module._load (node:internal/modules/cjs/loader:985:27)
    at Module.require (node:internal/modules/cjs/loader:1235:19)
    at require (node:internal/modules/helpers:176:18)
    at Object.<anonymous> (C:\NewProgramacion\CoderHouse\BackEnd\src\controllers\paymentController.js:3:23)
    at Module._compile (node:internal/modules/cjs/loader:1376:14)
    at Module._extensions..js (node:internal/modules/cjs/loader:1435:10)
    at Module.load (node:internal/modules/cjs/loader:1207:32)
    at Module._load (node:internal/modules/cjs/loader:1023:12)
    at Module.require (node:internal/modules/cjs/loader:1235:19)
2024-07-31T14:37:28.011Z [31merror[39m: uncaughtException: Cannot find module '../services/stripeService'
Require stack:
- C:\NewProgramacion\CoderHouse\BackEnd\src\controllers\paymentController.js
- C:\NewProgramacion\CoderHouse\BackEnd\src\routes\payment.routes.js
- C:\NewProgramacion\CoderHouse\BackEnd\src\app.js
Error: Cannot find module '../services/stripeService'
Require stack:
- C:\NewProgramacion\CoderHouse\BackEnd\src\controllers\paymentController.js
- C:\NewProgramacion\CoderHouse\BackEnd\src\routes\payment.routes.js
- C:\NewProgramacion\CoderHouse\BackEnd\src\app.js
    at Module._resolveFilename (node:internal/modules/cjs/loader:1144:15)
    at Module._load (node:internal/modules/cjs/loader:985:27)
    at Module.require (node:internal/modules/cjs/loader:1235:19)
    at require (node:internal/modules/helpers:176:18)
    at Object.<anonymous> (C:\NewProgramacion\CoderHouse\BackEnd\src\controllers\paymentController.js:3:23)
    at Module._compile (node:internal/modules/cjs/loader:1376:14)
    at Module._extensions..js (node:internal/modules/cjs/loader:1435:10)
    at Module.load (node:internal/modules/cjs/loader:1207:32)
    at Module._load (node:internal/modules/cjs/loader:1023:12)
    at Module.require (node:internal/modules/cjs/loader:1235:19)
2024-07-31T14:37:47.818Z [31merror[39m: uncaughtException: handleCreatePaymentIntent is not defined
ReferenceError: handleCreatePaymentIntent is not defined
    at Object.<anonymous> (C:\NewProgramacion\CoderHouse\BackEnd\src\routes\payment.routes.js:14:39)
    at Module._compile (node:internal/modules/cjs/loader:1376:14)
    at Module._extensions..js (node:internal/modules/cjs/loader:1435:10)
    at Module.load (node:internal/modules/cjs/loader:1207:32)
    at Module._load (node:internal/modules/cjs/loader:1023:12)
    at Module.require (node:internal/modules/cjs/loader:1235:19)
    at require (node:internal/modules/helpers:176:18)
    at Object.<anonymous> (C:\NewProgramacion\CoderHouse\BackEnd\src\app.js:13:23)
    at Module._compile (node:internal/modules/cjs/loader:1376:14)
    at Module._extensions..js (node:internal/modules/cjs/loader:1435:10)
2024-07-31T14:37:55.698Z [31merror[39m: uncaughtException: handleCreatePaymentIntent is not defined
ReferenceError: handleCreatePaymentIntent is not defined
    at Object.<anonymous> (C:\NewProgramacion\CoderHouse\BackEnd\src\routes\payment.routes.js:14:39)
    at Module._compile (node:internal/modules/cjs/loader:1376:14)
    at Module._extensions..js (node:internal/modules/cjs/loader:1435:10)
    at Module.load (node:internal/modules/cjs/loader:1207:32)
    at Module._load (node:internal/modules/cjs/loader:1023:12)
    at Module.require (node:internal/modules/cjs/loader:1235:19)
    at require (node:internal/modules/helpers:176:18)
    at Object.<anonymous> (C:\NewProgramacion\CoderHouse\BackEnd\src\app.js:13:23)
    at Module._compile (node:internal/modules/cjs/loader:1376:14)
    at Module._extensions..js (node:internal/modules/cjs/loader:1435:10)
2024-07-31T14:38:00.682Z [31merror[39m: uncaughtException: Cannot find module '../services/stripeService'
Require stack:
- C:\NewProgramacion\CoderHouse\BackEnd\src\controllers\paymentController.js
- C:\NewProgramacion\CoderHouse\BackEnd\src\routes\payment.routes.js
- C:\NewProgramacion\CoderHouse\BackEnd\src\app.js
Error: Cannot find module '../services/stripeService'
Require stack:
- C:\NewProgramacion\CoderHouse\BackEnd\src\controllers\paymentController.js
- C:\NewProgramacion\CoderHouse\BackEnd\src\routes\payment.routes.js
- C:\NewProgramacion\CoderHouse\BackEnd\src\app.js
    at Module._resolveFilename (node:internal/modules/cjs/loader:1144:15)
    at Module._load (node:internal/modules/cjs/loader:985:27)
    at Module.require (node:internal/modules/cjs/loader:1235:19)
    at require (node:internal/modules/helpers:176:18)
    at Object.<anonymous> (C:\NewProgramacion\CoderHouse\BackEnd\src\controllers\paymentController.js:3:23)
    at Module._compile (node:internal/modules/cjs/loader:1376:14)
    at Module._extensions..js (node:internal/modules/cjs/loader:1435:10)
    at Module.load (node:internal/modules/cjs/loader:1207:32)
    at Module._load (node:internal/modules/cjs/loader:1023:12)
    at Module.require (node:internal/modules/cjs/loader:1235:19)
2024-07-31T14:38:18.370Z [31merror[39m: uncaughtException: Cannot find module '../services/stripeService'
Require stack:
- C:\NewProgramacion\CoderHouse\BackEnd\src\controllers\paymentController.js
- C:\NewProgramacion\CoderHouse\BackEnd\src\routes\payment.routes.js
- C:\NewProgramacion\CoderHouse\BackEnd\src\app.js
Error: Cannot find module '../services/stripeService'
Require stack:
- C:\NewProgramacion\CoderHouse\BackEnd\src\controllers\paymentController.js
- C:\NewProgramacion\CoderHouse\BackEnd\src\routes\payment.routes.js
- C:\NewProgramacion\CoderHouse\BackEnd\src\app.js
    at Module._resolveFilename (node:internal/modules/cjs/loader:1144:15)
    at Module._load (node:internal/modules/cjs/loader:985:27)
    at Module.require (node:internal/modules/cjs/loader:1235:19)
    at require (node:internal/modules/helpers:176:18)
    at Object.<anonymous> (C:\NewProgramacion\CoderHouse\BackEnd\src\controllers\paymentController.js:3:23)
    at Module._compile (node:internal/modules/cjs/loader:1376:14)
    at Module._extensions..js (node:internal/modules/cjs/loader:1435:10)
    at Module.load (node:internal/modules/cjs/loader:1207:32)
    at Module._load (node:internal/modules/cjs/loader:1023:12)
    at Module.require (node:internal/modules/cjs/loader:1235:19)
2024-07-31T14:38:42.152Z [31merror[39m: uncaughtException: Cannot find module '../services/stripeService'
Require stack:
- C:\NewProgramacion\CoderHouse\BackEnd\src\controllers\paymentController.js
- C:\NewProgramacion\CoderHouse\BackEnd\src\routes\payment.routes.js
- C:\NewProgramacion\CoderHouse\BackEnd\src\app.js
Error: Cannot find module '../services/stripeService'
Require stack:
- C:\NewProgramacion\CoderHouse\BackEnd\src\controllers\paymentController.js
- C:\NewProgramacion\CoderHouse\BackEnd\src\routes\payment.routes.js
- C:\NewProgramacion\CoderHouse\BackEnd\src\app.js
    at Module._resolveFilename (node:internal/modules/cjs/loader:1144:15)
    at Module._load (node:internal/modules/cjs/loader:985:27)
    at Module.require (node:internal/modules/cjs/loader:1235:19)
    at require (node:internal/modules/helpers:176:18)
    at Object.<anonymous> (C:\NewProgramacion\CoderHouse\BackEnd\src\controllers\paymentController.js:3:23)
    at Module._compile (node:internal/modules/cjs/loader:1376:14)
    at Module._extensions..js (node:internal/modules/cjs/loader:1435:10)
    at Module.load (node:internal/modules/cjs/loader:1207:32)
    at Module._load (node:internal/modules/cjs/loader:1023:12)
    at Module.require (node:internal/modules/cjs/loader:1235:19)
2024-07-31T14:38:58.145Z [31merror[39m: uncaughtException: Cannot find module '../services/stripeService'
Require stack:
- C:\NewProgramacion\CoderHouse\BackEnd\src\controllers\paymentController.js
- C:\NewProgramacion\CoderHouse\BackEnd\src\routes\payment.routes.js
- C:\NewProgramacion\CoderHouse\BackEnd\src\app.js
Error: Cannot find module '../services/stripeService'
Require stack:
- C:\NewProgramacion\CoderHouse\BackEnd\src\controllers\paymentController.js
- C:\NewProgramacion\CoderHouse\BackEnd\src\routes\payment.routes.js
- C:\NewProgramacion\CoderHouse\BackEnd\src\app.js
    at Module._resolveFilename (node:internal/modules/cjs/loader:1144:15)
    at Module._load (node:internal/modules/cjs/loader:985:27)
    at Module.require (node:internal/modules/cjs/loader:1235:19)
    at require (node:internal/modules/helpers:176:18)
    at Object.<anonymous> (C:\NewProgramacion\CoderHouse\BackEnd\src\controllers\paymentController.js:3:23)
    at Module._compile (node:internal/modules/cjs/loader:1376:14)
    at Module._extensions..js (node:internal/modules/cjs/loader:1435:10)
    at Module.load (node:internal/modules/cjs/loader:1207:32)
    at Module._load (node:internal/modules/cjs/loader:1023:12)
    at Module.require (node:internal/modules/cjs/loader:1235:19)
2024-07-31T14:39:05.363Z [31merror[39m: uncaughtException: Cannot find module '../services/stripeService'
Require stack:
- C:\NewProgramacion\CoderHouse\BackEnd\src\controllers\paymentController.js
- C:\NewProgramacion\CoderHouse\BackEnd\src\routes\payment.routes.js
- C:\NewProgramacion\CoderHouse\BackEnd\src\app.js
Error: Cannot find module '../services/stripeService'
Require stack:
- C:\NewProgramacion\CoderHouse\BackEnd\src\controllers\paymentController.js
- C:\NewProgramacion\CoderHouse\BackEnd\src\routes\payment.routes.js
- C:\NewProgramacion\CoderHouse\BackEnd\src\app.js
    at Module._resolveFilename (node:internal/modules/cjs/loader:1144:15)
    at Module._load (node:internal/modules/cjs/loader:985:27)
    at Module.require (node:internal/modules/cjs/loader:1235:19)
    at require (node:internal/modules/helpers:176:18)
    at Object.<anonymous> (C:\NewProgramacion\CoderHouse\BackEnd\src\controllers\paymentController.js:3:23)
    at Module._compile (node:internal/modules/cjs/loader:1376:14)
    at Module._extensions..js (node:internal/modules/cjs/loader:1435:10)
    at Module.load (node:internal/modules/cjs/loader:1207:32)
    at Module._load (node:internal/modules/cjs/loader:1023:12)
    at Module.require (node:internal/modules/cjs/loader:1235:19)
2024-07-31T14:39:07.377Z [31merror[39m: uncaughtException: Cannot find module '../services/stripeService'
Require stack:
- C:\NewProgramacion\CoderHouse\BackEnd\src\controllers\paymentController.js
- C:\NewProgramacion\CoderHouse\BackEnd\src\routes\payment.routes.js
- C:\NewProgramacion\CoderHouse\BackEnd\src\app.js
Error: Cannot find module '../services/stripeService'
Require stack:
- C:\NewProgramacion\CoderHouse\BackEnd\src\controllers\paymentController.js
- C:\NewProgramacion\CoderHouse\BackEnd\src\routes\payment.routes.js
- C:\NewProgramacion\CoderHouse\BackEnd\src\app.js
    at Module._resolveFilename (node:internal/modules/cjs/loader:1144:15)
    at Module._load (node:internal/modules/cjs/loader:985:27)
    at Module.require (node:internal/modules/cjs/loader:1235:19)
    at require (node:internal/modules/helpers:176:18)
    at Object.<anonymous> (C:\NewProgramacion\CoderHouse\BackEnd\src\controllers\paymentController.js:3:23)
    at Module._compile (node:internal/modules/cjs/loader:1376:14)
    at Module._extensions..js (node:internal/modules/cjs/loader:1435:10)
    at Module.load (node:internal/modules/cjs/loader:1207:32)
    at Module._load (node:internal/modules/cjs/loader:1023:12)
    at Module.require (node:internal/modules/cjs/loader:1235:19)
2024-07-31T14:39:21.757Z [31merror[39m: uncaughtException: Cannot find module '../services/stripeService'
Require stack:
- C:\NewProgramacion\CoderHouse\BackEnd\src\controllers\paymentController.js
- C:\NewProgramacion\CoderHouse\BackEnd\src\routes\payment.routes.js
- C:\NewProgramacion\CoderHouse\BackEnd\src\app.js
Error: Cannot find module '../services/stripeService'
Require stack:
- C:\NewProgramacion\CoderHouse\BackEnd\src\controllers\paymentController.js
- C:\NewProgramacion\CoderHouse\BackEnd\src\routes\payment.routes.js
- C:\NewProgramacion\CoderHouse\BackEnd\src\app.js
    at Module._resolveFilename (node:internal/modules/cjs/loader:1144:15)
    at Module._load (node:internal/modules/cjs/loader:985:27)
    at Module.require (node:internal/modules/cjs/loader:1235:19)
    at require (node:internal/modules/helpers:176:18)
    at Object.<anonymous> (C:\NewProgramacion\CoderHouse\BackEnd\src\controllers\paymentController.js:3:23)
    at Module._compile (node:internal/modules/cjs/loader:1376:14)
    at Module._extensions..js (node:internal/modules/cjs/loader:1435:10)
    at Module.load (node:internal/modules/cjs/loader:1207:32)
    at Module._load (node:internal/modules/cjs/loader:1023:12)
    at Module.require (node:internal/modules/cjs/loader:1235:19)
2024-07-31T14:39:32.413Z [31merror[39m: uncaughtException: Cannot find module '../services/stripeService'
Require stack:
- C:\NewProgramacion\CoderHouse\BackEnd\src\controllers\paymentController.js
- C:\NewProgramacion\CoderHouse\BackEnd\src\routes\payment.routes.js
- C:\NewProgramacion\CoderHouse\BackEnd\src\app.js
Error: Cannot find module '../services/stripeService'
Require stack:
- C:\NewProgramacion\CoderHouse\BackEnd\src\controllers\paymentController.js
- C:\NewProgramacion\CoderHouse\BackEnd\src\routes\payment.routes.js
- C:\NewProgramacion\CoderHouse\BackEnd\src\app.js
    at Module._resolveFilename (node:internal/modules/cjs/loader:1144:15)
    at Module._load (node:internal/modules/cjs/loader:985:27)
    at Module.require (node:internal/modules/cjs/loader:1235:19)
    at require (node:internal/modules/helpers:176:18)
    at Object.<anonymous> (C:\NewProgramacion\CoderHouse\BackEnd\src\controllers\paymentController.js:3:23)
    at Module._compile (node:internal/modules/cjs/loader:1376:14)
    at Module._extensions..js (node:internal/modules/cjs/loader:1435:10)
    at Module.load (node:internal/modules/cjs/loader:1207:32)
    at Module._load (node:internal/modules/cjs/loader:1023:12)
    at Module.require (node:internal/modules/cjs/loader:1235:19)
2024-07-31T15:05:00.542Z [31merror[39m: uncaughtException: Cannot find module '../services/stripeService'
Require stack:
- C:\NewProgramacion\CoderHouse\BackEnd\src\controllers\paymentController.js
- C:\NewProgramacion\CoderHouse\BackEnd\src\routes\payment.routes.js
- C:\NewProgramacion\CoderHouse\BackEnd\src\app.js
Error: Cannot find module '../services/stripeService'
Require stack:
- C:\NewProgramacion\CoderHouse\BackEnd\src\controllers\paymentController.js
- C:\NewProgramacion\CoderHouse\BackEnd\src\routes\payment.routes.js
- C:\NewProgramacion\CoderHouse\BackEnd\src\app.js
    at Module._resolveFilename (node:internal/modules/cjs/loader:1144:15)
    at Module._load (node:internal/modules/cjs/loader:985:27)
    at Module.require (node:internal/modules/cjs/loader:1235:19)
    at require (node:internal/modules/helpers:176:18)
    at Object.<anonymous> (C:\NewProgramacion\CoderHouse\BackEnd\src\controllers\paymentController.js:3:23)
    at Module._compile (node:internal/modules/cjs/loader:1376:14)
    at Module._extensions..js (node:internal/modules/cjs/loader:1435:10)
    at Module.load (node:internal/modules/cjs/loader:1207:32)
    at Module._load (node:internal/modules/cjs/loader:1023:12)
    at Module.require (node:internal/modules/cjs/loader:1235:19)
2024-07-31T15:05:03.949Z [31merror[39m: uncaughtException: Cannot find module '../services/stripeService'
Require stack:
- C:\NewProgramacion\CoderHouse\BackEnd\src\controllers\paymentController.js
- C:\NewProgramacion\CoderHouse\BackEnd\src\routes\payment.routes.js
- C:\NewProgramacion\CoderHouse\BackEnd\src\app.js
Error: Cannot find module '../services/stripeService'
Require stack:
- C:\NewProgramacion\CoderHouse\BackEnd\src\controllers\paymentController.js
- C:\NewProgramacion\CoderHouse\BackEnd\src\routes\payment.routes.js
- C:\NewProgramacion\CoderHouse\BackEnd\src\app.js
    at Module._resolveFilename (node:internal/modules/cjs/loader:1144:15)
    at Module._load (node:internal/modules/cjs/loader:985:27)
    at Module.require (node:internal/modules/cjs/loader:1235:19)
    at require (node:internal/modules/helpers:176:18)
    at Object.<anonymous> (C:\NewProgramacion\CoderHouse\BackEnd\src\controllers\paymentController.js:3:23)
    at Module._compile (node:internal/modules/cjs/loader:1376:14)
    at Module._extensions..js (node:internal/modules/cjs/loader:1435:10)
    at Module.load (node:internal/modules/cjs/loader:1207:32)
    at Module._load (node:internal/modules/cjs/loader:1023:12)
    at Module.require (node:internal/modules/cjs/loader:1235:19)
2024-07-31T15:05:17.653Z [31merror[39m: uncaughtException: Cannot find module '../services/stripeService'
Require stack:
- C:\NewProgramacion\CoderHouse\BackEnd\src\controllers\paymentController.js
- C:\NewProgramacion\CoderHouse\BackEnd\src\routes\payment.routes.js
- C:\NewProgramacion\CoderHouse\BackEnd\src\app.js
Error: Cannot find module '../services/stripeService'
Require stack:
- C:\NewProgramacion\CoderHouse\BackEnd\src\controllers\paymentController.js
- C:\NewProgramacion\CoderHouse\BackEnd\src\routes\payment.routes.js
- C:\NewProgramacion\CoderHouse\BackEnd\src\app.js
    at Module._resolveFilename (node:internal/modules/cjs/loader:1144:15)
    at Module._load (node:internal/modules/cjs/loader:985:27)
    at Module.require (node:internal/modules/cjs/loader:1235:19)
    at require (node:internal/modules/helpers:176:18)
    at Object.<anonymous> (C:\NewProgramacion\CoderHouse\BackEnd\src\controllers\paymentController.js:3:23)
    at Module._compile (node:internal/modules/cjs/loader:1376:14)
    at Module._extensions..js (node:internal/modules/cjs/loader:1435:10)
    at Module.load (node:internal/modules/cjs/loader:1207:32)
    at Module._load (node:internal/modules/cjs/loader:1023:12)
    at Module.require (node:internal/modules/cjs/loader:1235:19)
2024-07-31T15:06:41.971Z [31merror[39m: uncaughtException: Cannot find module '../services/stripeService'
Require stack:
- C:\NewProgramacion\CoderHouse\BackEnd\src\controllers\paymentController.js
- C:\NewProgramacion\CoderHouse\BackEnd\src\routes\payment.routes.js
- C:\NewProgramacion\CoderHouse\BackEnd\src\app.js
Error: Cannot find module '../services/stripeService'
Require stack:
- C:\NewProgramacion\CoderHouse\BackEnd\src\controllers\paymentController.js
- C:\NewProgramacion\CoderHouse\BackEnd\src\routes\payment.routes.js
- C:\NewProgramacion\CoderHouse\BackEnd\src\app.js
    at Module._resolveFilename (node:internal/modules/cjs/loader:1144:15)
    at Module._load (node:internal/modules/cjs/loader:985:27)
    at Module.require (node:internal/modules/cjs/loader:1235:19)
    at require (node:internal/modules/helpers:176:18)
    at Object.<anonymous> (C:\NewProgramacion\CoderHouse\BackEnd\src\controllers\paymentController.js:3:23)
    at Module._compile (node:internal/modules/cjs/loader:1376:14)
    at Module._extensions..js (node:internal/modules/cjs/loader:1435:10)
    at Module.load (node:internal/modules/cjs/loader:1207:32)
    at Module._load (node:internal/modules/cjs/loader:1023:12)
    at Module.require (node:internal/modules/cjs/loader:1235:19)
2024-07-31T15:06:44.579Z [31merror[39m: uncaughtException: Cannot find module '../services/stripeService'
Require stack:
- C:\NewProgramacion\CoderHouse\BackEnd\src\controllers\paymentController.js
- C:\NewProgramacion\CoderHouse\BackEnd\src\routes\payment.routes.js
- C:\NewProgramacion\CoderHouse\BackEnd\src\app.js
Error: Cannot find module '../services/stripeService'
Require stack:
- C:\NewProgramacion\CoderHouse\BackEnd\src\controllers\paymentController.js
- C:\NewProgramacion\CoderHouse\BackEnd\src\routes\payment.routes.js
- C:\NewProgramacion\CoderHouse\BackEnd\src\app.js
    at Module._resolveFilename (node:internal/modules/cjs/loader:1144:15)
    at Module._load (node:internal/modules/cjs/loader:985:27)
    at Module.require (node:internal/modules/cjs/loader:1235:19)
    at require (node:internal/modules/helpers:176:18)
    at Object.<anonymous> (C:\NewProgramacion\CoderHouse\BackEnd\src\controllers\paymentController.js:3:23)
    at Module._compile (node:internal/modules/cjs/loader:1376:14)
    at Module._extensions..js (node:internal/modules/cjs/loader:1435:10)
    at Module.load (node:internal/modules/cjs/loader:1207:32)
    at Module._load (node:internal/modules/cjs/loader:1023:12)
    at Module.require (node:internal/modules/cjs/loader:1235:19)
2024-07-31T15:06:53.266Z [31merror[39m: uncaughtException: Cannot find module '../services/stripeService'
Require stack:
- C:\NewProgramacion\CoderHouse\BackEnd\src\controllers\paymentController.js
- C:\NewProgramacion\CoderHouse\BackEnd\src\routes\payment.routes.js
- C:\NewProgramacion\CoderHouse\BackEnd\src\app.js
Error: Cannot find module '../services/stripeService'
Require stack:
- C:\NewProgramacion\CoderHouse\BackEnd\src\controllers\paymentController.js
- C:\NewProgramacion\CoderHouse\BackEnd\src\routes\payment.routes.js
- C:\NewProgramacion\CoderHouse\BackEnd\src\app.js
    at Module._resolveFilename (node:internal/modules/cjs/loader:1144:15)
    at Module._load (node:internal/modules/cjs/loader:985:27)
    at Module.require (node:internal/modules/cjs/loader:1235:19)
    at require (node:internal/modules/helpers:176:18)
    at Object.<anonymous> (C:\NewProgramacion\CoderHouse\BackEnd\src\controllers\paymentController.js:3:23)
    at Module._compile (node:internal/modules/cjs/loader:1376:14)
    at Module._extensions..js (node:internal/modules/cjs/loader:1435:10)
    at Module.load (node:internal/modules/cjs/loader:1207:32)
    at Module._load (node:internal/modules/cjs/loader:1023:12)
    at Module.require (node:internal/modules/cjs/loader:1235:19)
2024-07-31T15:07:17.146Z [31merror[39m: uncaughtException: Cannot find module '../services/stripeService'
Require stack:
- C:\NewProgramacion\CoderHouse\BackEnd\src\controllers\paymentController.js
- C:\NewProgramacion\CoderHouse\BackEnd\src\routes\payment.routes.js
- C:\NewProgramacion\CoderHouse\BackEnd\src\app.js
Error: Cannot find module '../services/stripeService'
Require stack:
- C:\NewProgramacion\CoderHouse\BackEnd\src\controllers\paymentController.js
- C:\NewProgramacion\CoderHouse\BackEnd\src\routes\payment.routes.js
- C:\NewProgramacion\CoderHouse\BackEnd\src\app.js
    at Module._resolveFilename (node:internal/modules/cjs/loader:1144:15)
    at Module._load (node:internal/modules/cjs/loader:985:27)
    at Module.require (node:internal/modules/cjs/loader:1235:19)
    at require (node:internal/modules/helpers:176:18)
    at Object.<anonymous> (C:\NewProgramacion\CoderHouse\BackEnd\src\controllers\paymentController.js:3:23)
    at Module._compile (node:internal/modules/cjs/loader:1376:14)
    at Module._extensions..js (node:internal/modules/cjs/loader:1435:10)
    at Module.load (node:internal/modules/cjs/loader:1207:32)
    at Module._load (node:internal/modules/cjs/loader:1023:12)
    at Module.require (node:internal/modules/cjs/loader:1235:19)
2024-07-31T15:07:26.329Z [31merror[39m: uncaughtException: Cannot find module '../services/stripeService'
Require stack:
- C:\NewProgramacion\CoderHouse\BackEnd\src\controllers\paymentController.js
- C:\NewProgramacion\CoderHouse\BackEnd\src\routes\payment.routes.js
- C:\NewProgramacion\CoderHouse\BackEnd\src\app.js
Error: Cannot find module '../services/stripeService'
Require stack:
- C:\NewProgramacion\CoderHouse\BackEnd\src\controllers\paymentController.js
- C:\NewProgramacion\CoderHouse\BackEnd\src\routes\payment.routes.js
- C:\NewProgramacion\CoderHouse\BackEnd\src\app.js
    at Module._resolveFilename (node:internal/modules/cjs/loader:1144:15)
    at Module._load (node:internal/modules/cjs/loader:985:27)
    at Module.require (node:internal/modules/cjs/loader:1235:19)
    at require (node:internal/modules/helpers:176:18)
    at Object.<anonymous> (C:\NewProgramacion\CoderHouse\BackEnd\src\controllers\paymentController.js:3:23)
    at Module._compile (node:internal/modules/cjs/loader:1376:14)
    at Module._extensions..js (node:internal/modules/cjs/loader:1435:10)
    at Module.load (node:internal/modules/cjs/loader:1207:32)
    at Module._load (node:internal/modules/cjs/loader:1023:12)
    at Module.require (node:internal/modules/cjs/loader:1235:19)
2024-07-31T15:09:03.482Z [31merror[39m: uncaughtException: Cannot find module '../services/stripeService'
Require stack:
- C:\NewProgramacion\CoderHouse\BackEnd\src\controllers\paymentController.js
- C:\NewProgramacion\CoderHouse\BackEnd\src\routes\payment.routes.js
- C:\NewProgramacion\CoderHouse\BackEnd\src\app.js
Error: Cannot find module '../services/stripeService'
Require stack:
- C:\NewProgramacion\CoderHouse\BackEnd\src\controllers\paymentController.js
- C:\NewProgramacion\CoderHouse\BackEnd\src\routes\payment.routes.js
- C:\NewProgramacion\CoderHouse\BackEnd\src\app.js
    at Module._resolveFilename (node:internal/modules/cjs/loader:1144:15)
    at Module._load (node:internal/modules/cjs/loader:985:27)
    at Module.require (node:internal/modules/cjs/loader:1235:19)
    at require (node:internal/modules/helpers:176:18)
    at Object.<anonymous> (C:\NewProgramacion\CoderHouse\BackEnd\src\controllers\paymentController.js:3:23)
    at Module._compile (node:internal/modules/cjs/loader:1376:14)
    at Module._extensions..js (node:internal/modules/cjs/loader:1435:10)
    at Module.load (node:internal/modules/cjs/loader:1207:32)
    at Module._load (node:internal/modules/cjs/loader:1023:12)
    at Module.require (node:internal/modules/cjs/loader:1235:19)
2024-07-31T15:09:25.161Z [31merror[39m: uncaughtException: Cannot find module '../services/stripeService'
Require stack:
- C:\NewProgramacion\CoderHouse\BackEnd\src\controllers\paymentController.js
- C:\NewProgramacion\CoderHouse\BackEnd\src\routes\payment.routes.js
- C:\NewProgramacion\CoderHouse\BackEnd\src\app.js
Error: Cannot find module '../services/stripeService'
Require stack:
- C:\NewProgramacion\CoderHouse\BackEnd\src\controllers\paymentController.js
- C:\NewProgramacion\CoderHouse\BackEnd\src\routes\payment.routes.js
- C:\NewProgramacion\CoderHouse\BackEnd\src\app.js
    at Module._resolveFilename (node:internal/modules/cjs/loader:1144:15)
    at Module._load (node:internal/modules/cjs/loader:985:27)
    at Module.require (node:internal/modules/cjs/loader:1235:19)
    at require (node:internal/modules/helpers:176:18)
    at Object.<anonymous> (C:\NewProgramacion\CoderHouse\BackEnd\src\controllers\paymentController.js:3:23)
    at Module._compile (node:internal/modules/cjs/loader:1376:14)
    at Module._extensions..js (node:internal/modules/cjs/loader:1435:10)
    at Module.load (node:internal/modules/cjs/loader:1207:32)
    at Module._load (node:internal/modules/cjs/loader:1023:12)
    at Module.require (node:internal/modules/cjs/loader:1235:19)
2024-07-31T15:09:33.087Z [31merror[39m: uncaughtException: Cannot find module '../services/stripeService'
Require stack:
- C:\NewProgramacion\CoderHouse\BackEnd\src\controllers\paymentController.js
- C:\NewProgramacion\CoderHouse\BackEnd\src\routes\payment.routes.js
- C:\NewProgramacion\CoderHouse\BackEnd\src\app.js
Error: Cannot find module '../services/stripeService'
Require stack:
- C:\NewProgramacion\CoderHouse\BackEnd\src\controllers\paymentController.js
- C:\NewProgramacion\CoderHouse\BackEnd\src\routes\payment.routes.js
- C:\NewProgramacion\CoderHouse\BackEnd\src\app.js
    at Module._resolveFilename (node:internal/modules/cjs/loader:1144:15)
    at Module._load (node:internal/modules/cjs/loader:985:27)
    at Module.require (node:internal/modules/cjs/loader:1235:19)
    at require (node:internal/modules/helpers:176:18)
    at Object.<anonymous> (C:\NewProgramacion\CoderHouse\BackEnd\src\controllers\paymentController.js:3:23)
    at Module._compile (node:internal/modules/cjs/loader:1376:14)
    at Module._extensions..js (node:internal/modules/cjs/loader:1435:10)
    at Module.load (node:internal/modules/cjs/loader:1207:32)
    at Module._load (node:internal/modules/cjs/loader:1023:12)
    at Module.require (node:internal/modules/cjs/loader:1235:19)
2024-07-31T15:09:37.876Z [31merror[39m: uncaughtException: Cannot find module '../services/stripeService'
Require stack:
- C:\NewProgramacion\CoderHouse\BackEnd\src\controllers\paymentController.js
- C:\NewProgramacion\CoderHouse\BackEnd\src\routes\payment.routes.js
- C:\NewProgramacion\CoderHouse\BackEnd\src\app.js
Error: Cannot find module '../services/stripeService'
Require stack:
- C:\NewProgramacion\CoderHouse\BackEnd\src\controllers\paymentController.js
- C:\NewProgramacion\CoderHouse\BackEnd\src\routes\payment.routes.js
- C:\NewProgramacion\CoderHouse\BackEnd\src\app.js
    at Module._resolveFilename (node:internal/modules/cjs/loader:1144:15)
    at Module._load (node:internal/modules/cjs/loader:985:27)
    at Module.require (node:internal/modules/cjs/loader:1235:19)
    at require (node:internal/modules/helpers:176:18)
    at Object.<anonymous> (C:\NewProgramacion\CoderHouse\BackEnd\src\controllers\paymentController.js:3:23)
    at Module._compile (node:internal/modules/cjs/loader:1376:14)
    at Module._extensions..js (node:internal/modules/cjs/loader:1435:10)
    at Module.load (node:internal/modules/cjs/loader:1207:32)
    at Module._load (node:internal/modules/cjs/loader:1023:12)
    at Module.require (node:internal/modules/cjs/loader:1235:19)
2024-07-31T15:10:14.435Z [31merror[39m: uncaughtException: Cannot find module '../services/stripeService'
Require stack:
- C:\NewProgramacion\CoderHouse\BackEnd\src\controllers\paymentController.js
- C:\NewProgramacion\CoderHouse\BackEnd\src\routes\payment.routes.js
- C:\NewProgramacion\CoderHouse\BackEnd\src\app.js
Error: Cannot find module '../services/stripeService'
Require stack:
- C:\NewProgramacion\CoderHouse\BackEnd\src\controllers\paymentController.js
- C:\NewProgramacion\CoderHouse\BackEnd\src\routes\payment.routes.js
- C:\NewProgramacion\CoderHouse\BackEnd\src\app.js
    at Module._resolveFilename (node:internal/modules/cjs/loader:1144:15)
    at Module._load (node:internal/modules/cjs/loader:985:27)
    at Module.require (node:internal/modules/cjs/loader:1235:19)
    at require (node:internal/modules/helpers:176:18)
    at Object.<anonymous> (C:\NewProgramacion\CoderHouse\BackEnd\src\controllers\paymentController.js:3:23)
    at Module._compile (node:internal/modules/cjs/loader:1376:14)
    at Module._extensions..js (node:internal/modules/cjs/loader:1435:10)
    at Module.load (node:internal/modules/cjs/loader:1207:32)
    at Module._load (node:internal/modules/cjs/loader:1023:12)
    at Module.require (node:internal/modules/cjs/loader:1235:19)
2024-07-31T15:10:22.632Z [31merror[39m: uncaughtException: Cannot find module '../services/stripeService'
Require stack:
- C:\NewProgramacion\CoderHouse\BackEnd\src\controllers\paymentController.js
- C:\NewProgramacion\CoderHouse\BackEnd\src\routes\payment.routes.js
- C:\NewProgramacion\CoderHouse\BackEnd\src\app.js
Error: Cannot find module '../services/stripeService'
Require stack:
- C:\NewProgramacion\CoderHouse\BackEnd\src\controllers\paymentController.js
- C:\NewProgramacion\CoderHouse\BackEnd\src\routes\payment.routes.js
- C:\NewProgramacion\CoderHouse\BackEnd\src\app.js
    at Module._resolveFilename (node:internal/modules/cjs/loader:1144:15)
    at Module._load (node:internal/modules/cjs/loader:985:27)
    at Module.require (node:internal/modules/cjs/loader:1235:19)
    at require (node:internal/modules/helpers:176:18)
    at Object.<anonymous> (C:\NewProgramacion\CoderHouse\BackEnd\src\controllers\paymentController.js:3:23)
    at Module._compile (node:internal/modules/cjs/loader:1376:14)
    at Module._extensions..js (node:internal/modules/cjs/loader:1435:10)
    at Module.load (node:internal/modules/cjs/loader:1207:32)
    at Module._load (node:internal/modules/cjs/loader:1023:12)
    at Module.require (node:internal/modules/cjs/loader:1235:19)
2024-07-31T15:10:41.163Z [31merror[39m: uncaughtException: Cannot find module '../services/stripeService'
Require stack:
- C:\NewProgramacion\CoderHouse\BackEnd\src\controllers\paymentController.js
- C:\NewProgramacion\CoderHouse\BackEnd\src\routes\payment.routes.js
- C:\NewProgramacion\CoderHouse\BackEnd\src\app.js
Error: Cannot find module '../services/stripeService'
Require stack:
- C:\NewProgramacion\CoderHouse\BackEnd\src\controllers\paymentController.js
- C:\NewProgramacion\CoderHouse\BackEnd\src\routes\payment.routes.js
- C:\NewProgramacion\CoderHouse\BackEnd\src\app.js
    at Module._resolveFilename (node:internal/modules/cjs/loader:1144:15)
    at Module._load (node:internal/modules/cjs/loader:985:27)
    at Module.require (node:internal/modules/cjs/loader:1235:19)
    at require (node:internal/modules/helpers:176:18)
    at Object.<anonymous> (C:\NewProgramacion\CoderHouse\BackEnd\src\controllers\paymentController.js:3:23)
    at Module._compile (node:internal/modules/cjs/loader:1376:14)
    at Module._extensions..js (node:internal/modules/cjs/loader:1435:10)
    at Module.load (node:internal/modules/cjs/loader:1207:32)
    at Module._load (node:internal/modules/cjs/loader:1023:12)
    at Module.require (node:internal/modules/cjs/loader:1235:19)
2024-07-31T15:11:37.843Z [31merror[39m: uncaughtException: Cannot find module '../services/stripeService'
Require stack:
- C:\NewProgramacion\CoderHouse\BackEnd\src\controllers\paymentController.js
- C:\NewProgramacion\CoderHouse\BackEnd\src\routes\payment.routes.js
- C:\NewProgramacion\CoderHouse\BackEnd\src\app.js
Error: Cannot find module '../services/stripeService'
Require stack:
- C:\NewProgramacion\CoderHouse\BackEnd\src\controllers\paymentController.js
- C:\NewProgramacion\CoderHouse\BackEnd\src\routes\payment.routes.js
- C:\NewProgramacion\CoderHouse\BackEnd\src\app.js
    at Module._resolveFilename (node:internal/modules/cjs/loader:1144:15)
    at Module._load (node:internal/modules/cjs/loader:985:27)
    at Module.require (node:internal/modules/cjs/loader:1235:19)
    at require (node:internal/modules/helpers:176:18)
    at Object.<anonymous> (C:\NewProgramacion\CoderHouse\BackEnd\src\controllers\paymentController.js:3:23)
    at Module._compile (node:internal/modules/cjs/loader:1376:14)
    at Module._extensions..js (node:internal/modules/cjs/loader:1435:10)
    at Module.load (node:internal/modules/cjs/loader:1207:32)
    at Module._load (node:internal/modules/cjs/loader:1023:12)
    at Module.require (node:internal/modules/cjs/loader:1235:19)
2024-07-31T15:16:45.452Z [31merror[39m: uncaughtException: paymentRoutes is not defined
ReferenceError: paymentRoutes is not defined
    at Object.<anonymous> (C:\NewProgramacion\CoderHouse\BackEnd\src\app.js:105:26)
    at Module._compile (node:internal/modules/cjs/loader:1376:14)
    at Module._extensions..js (node:internal/modules/cjs/loader:1435:10)
    at Module.load (node:internal/modules/cjs/loader:1207:32)
    at Module._load (node:internal/modules/cjs/loader:1023:12)
    at Function.executeUserEntryPoint [as runMain] (node:internal/modules/run_main:135:12)
    at node:internal/main/run_main_module:28:49
2024-07-31T15:17:10.953Z [31merror[39m: uncaughtException: app.use() requires a middleware function
TypeError: app.use() requires a middleware function
    at Function.use (C:\NewProgramacion\CoderHouse\BackEnd\node_modules\express\lib\application.js:217:11)
    at Object.<anonymous> (C:\NewProgramacion\CoderHouse\BackEnd\src\app.js:105:5)
    at Module._compile (node:internal/modules/cjs/loader:1376:14)
    at Module._extensions..js (node:internal/modules/cjs/loader:1435:10)
    at Module.load (node:internal/modules/cjs/loader:1207:32)
    at Module._load (node:internal/modules/cjs/loader:1023:12)
    at Function.executeUserEntryPoint [as runMain] (node:internal/modules/run_main:135:12)
    at node:internal/main/run_main_module:28:49
2024-07-31T15:17:17.692Z [31merror[39m: uncaughtException: app.use() requires a middleware function
TypeError: app.use() requires a middleware function
    at Function.use (C:\NewProgramacion\CoderHouse\BackEnd\node_modules\express\lib\application.js:217:11)
    at Object.<anonymous> (C:\NewProgramacion\CoderHouse\BackEnd\src\app.js:105:5)
    at Module._compile (node:internal/modules/cjs/loader:1376:14)
    at Module._extensions..js (node:internal/modules/cjs/loader:1435:10)
    at Module.load (node:internal/modules/cjs/loader:1207:32)
    at Module._load (node:internal/modules/cjs/loader:1023:12)
    at Function.executeUserEntryPoint [as runMain] (node:internal/modules/run_main:135:12)
    at node:internal/main/run_main_module:28:49
2024-07-31T15:19:45.741Z [31merror[39m: uncaughtException: handleCreatePaymentIntent is not defined
ReferenceError: handleCreatePaymentIntent is not defined
    at Object.<anonymous> (C:\NewProgramacion\CoderHouse\BackEnd\src\routes\checkout.routes.js:118:39)
    at Module._compile (node:internal/modules/cjs/loader:1376:14)
    at Module._extensions..js (node:internal/modules/cjs/loader:1435:10)
    at Module.load (node:internal/modules/cjs/loader:1207:32)
    at Module._load (node:internal/modules/cjs/loader:1023:12)
    at Module.require (node:internal/modules/cjs/loader:1235:19)
    at require (node:internal/modules/helpers:176:18)
    at Object.<anonymous> (C:\NewProgramacion\CoderHouse\BackEnd\src\app.js:12:24)
    at Module._compile (node:internal/modules/cjs/loader:1376:14)
    at Module._extensions..js (node:internal/modules/cjs/loader:1435:10)
2024-07-31T15:19:57.537Z [31merror[39m: uncaughtException: handleCreatePaymentIntent is not defined
ReferenceError: handleCreatePaymentIntent is not defined
    at Object.<anonymous> (C:\NewProgramacion\CoderHouse\BackEnd\src\routes\checkout.routes.js:118:39)
    at Module._compile (node:internal/modules/cjs/loader:1376:14)
    at Module._extensions..js (node:internal/modules/cjs/loader:1435:10)
    at Module.load (node:internal/modules/cjs/loader:1207:32)
    at Module._load (node:internal/modules/cjs/loader:1023:12)
    at Module.require (node:internal/modules/cjs/loader:1235:19)
    at require (node:internal/modules/helpers:176:18)
    at Object.<anonymous> (C:\NewProgramacion\CoderHouse\BackEnd\src\app.js:12:24)
    at Module._compile (node:internal/modules/cjs/loader:1376:14)
    at Module._extensions..js (node:internal/modules/cjs/loader:1435:10)
2024-07-31T15:20:03.974Z [31merror[39m: uncaughtException: Cannot find module '../services/stripeService'
Require stack:
- C:\NewProgramacion\CoderHouse\BackEnd\src\controllers\paymentController.js
- C:\NewProgramacion\CoderHouse\BackEnd\src\routes\checkout.routes.js
- C:\NewProgramacion\CoderHouse\BackEnd\src\app.js
Error: Cannot find module '../services/stripeService'
Require stack:
- C:\NewProgramacion\CoderHouse\BackEnd\src\controllers\paymentController.js
- C:\NewProgramacion\CoderHouse\BackEnd\src\routes\checkout.routes.js
- C:\NewProgramacion\CoderHouse\BackEnd\src\app.js
    at Module._resolveFilename (node:internal/modules/cjs/loader:1144:15)
    at Module._load (node:internal/modules/cjs/loader:985:27)
    at Module.require (node:internal/modules/cjs/loader:1235:19)
    at require (node:internal/modules/helpers:176:18)
    at Object.<anonymous> (C:\NewProgramacion\CoderHouse\BackEnd\src\controllers\paymentController.js:3:23)
    at Module._compile (node:internal/modules/cjs/loader:1376:14)
    at Module._extensions..js (node:internal/modules/cjs/loader:1435:10)
    at Module.load (node:internal/modules/cjs/loader:1207:32)
    at Module._load (node:internal/modules/cjs/loader:1023:12)
    at Module.require (node:internal/modules/cjs/loader:1235:19)
2024-07-31T15:20:16.837Z [31merror[39m: uncaughtException: Cannot find module '../services/stripeService'
Require stack:
- C:\NewProgramacion\CoderHouse\BackEnd\src\controllers\paymentController.js
- C:\NewProgramacion\CoderHouse\BackEnd\src\routes\checkout.routes.js
- C:\NewProgramacion\CoderHouse\BackEnd\src\app.js
Error: Cannot find module '../services/stripeService'
Require stack:
- C:\NewProgramacion\CoderHouse\BackEnd\src\controllers\paymentController.js
- C:\NewProgramacion\CoderHouse\BackEnd\src\routes\checkout.routes.js
- C:\NewProgramacion\CoderHouse\BackEnd\src\app.js
    at Module._resolveFilename (node:internal/modules/cjs/loader:1144:15)
    at Module._load (node:internal/modules/cjs/loader:985:27)
    at Module.require (node:internal/modules/cjs/loader:1235:19)
    at require (node:internal/modules/helpers:176:18)
    at Object.<anonymous> (C:\NewProgramacion\CoderHouse\BackEnd\src\controllers\paymentController.js:3:23)
    at Module._compile (node:internal/modules/cjs/loader:1376:14)
    at Module._extensions..js (node:internal/modules/cjs/loader:1435:10)
    at Module.load (node:internal/modules/cjs/loader:1207:32)
    at Module._load (node:internal/modules/cjs/loader:1023:12)
    at Module.require (node:internal/modules/cjs/loader:1235:19)
2024-07-31T15:20:21.319Z [31merror[39m: uncaughtException: Cannot find module '../services/stripeService'
Require stack:
- C:\NewProgramacion\CoderHouse\BackEnd\src\controllers\paymentController.js
- C:\NewProgramacion\CoderHouse\BackEnd\src\routes\checkout.routes.js
- C:\NewProgramacion\CoderHouse\BackEnd\src\app.js
Error: Cannot find module '../services/stripeService'
Require stack:
- C:\NewProgramacion\CoderHouse\BackEnd\src\controllers\paymentController.js
- C:\NewProgramacion\CoderHouse\BackEnd\src\routes\checkout.routes.js
- C:\NewProgramacion\CoderHouse\BackEnd\src\app.js
    at Module._resolveFilename (node:internal/modules/cjs/loader:1144:15)
    at Module._load (node:internal/modules/cjs/loader:985:27)
    at Module.require (node:internal/modules/cjs/loader:1235:19)
    at require (node:internal/modules/helpers:176:18)
    at Object.<anonymous> (C:\NewProgramacion\CoderHouse\BackEnd\src\controllers\paymentController.js:3:23)
    at Module._compile (node:internal/modules/cjs/loader:1376:14)
    at Module._extensions..js (node:internal/modules/cjs/loader:1435:10)
    at Module.load (node:internal/modules/cjs/loader:1207:32)
    at Module._load (node:internal/modules/cjs/loader:1023:12)
    at Module.require (node:internal/modules/cjs/loader:1235:19)
2024-07-31T15:20:25.337Z [31merror[39m: uncaughtException: Cannot find module '../services/stripeService'
Require stack:
- C:\NewProgramacion\CoderHouse\BackEnd\src\controllers\paymentController.js
- C:\NewProgramacion\CoderHouse\BackEnd\src\routes\checkout.routes.js
- C:\NewProgramacion\CoderHouse\BackEnd\src\app.js
Error: Cannot find module '../services/stripeService'
Require stack:
- C:\NewProgramacion\CoderHouse\BackEnd\src\controllers\paymentController.js
- C:\NewProgramacion\CoderHouse\BackEnd\src\routes\checkout.routes.js
- C:\NewProgramacion\CoderHouse\BackEnd\src\app.js
    at Module._resolveFilename (node:internal/modules/cjs/loader:1144:15)
    at Module._load (node:internal/modules/cjs/loader:985:27)
    at Module.require (node:internal/modules/cjs/loader:1235:19)
    at require (node:internal/modules/helpers:176:18)
    at Object.<anonymous> (C:\NewProgramacion\CoderHouse\BackEnd\src\controllers\paymentController.js:3:23)
    at Module._compile (node:internal/modules/cjs/loader:1376:14)
    at Module._extensions..js (node:internal/modules/cjs/loader:1435:10)
    at Module.load (node:internal/modules/cjs/loader:1207:32)
    at Module._load (node:internal/modules/cjs/loader:1023:12)
    at Module.require (node:internal/modules/cjs/loader:1235:19)
2024-07-31T15:21:02.270Z [31merror[39m: uncaughtException: Cannot find module '../services/stripeService'
Require stack:
- C:\NewProgramacion\CoderHouse\BackEnd\src\controllers\paymentController.js
- C:\NewProgramacion\CoderHouse\BackEnd\src\routes\checkout.routes.js
- C:\NewProgramacion\CoderHouse\BackEnd\src\app.js
Error: Cannot find module '../services/stripeService'
Require stack:
- C:\NewProgramacion\CoderHouse\BackEnd\src\controllers\paymentController.js
- C:\NewProgramacion\CoderHouse\BackEnd\src\routes\checkout.routes.js
- C:\NewProgramacion\CoderHouse\BackEnd\src\app.js
    at Module._resolveFilename (node:internal/modules/cjs/loader:1144:15)
    at Module._load (node:internal/modules/cjs/loader:985:27)
    at Module.require (node:internal/modules/cjs/loader:1235:19)
    at require (node:internal/modules/helpers:176:18)
    at Object.<anonymous> (C:\NewProgramacion\CoderHouse\BackEnd\src\controllers\paymentController.js:3:23)
    at Module._compile (node:internal/modules/cjs/loader:1376:14)
    at Module._extensions..js (node:internal/modules/cjs/loader:1435:10)
    at Module.load (node:internal/modules/cjs/loader:1207:32)
    at Module._load (node:internal/modules/cjs/loader:1023:12)
    at Module.require (node:internal/modules/cjs/loader:1235:19)
2024-07-31T15:21:07.008Z [31merror[39m: uncaughtException: Cannot find module '../services/stripeService'
Require stack:
- C:\NewProgramacion\CoderHouse\BackEnd\src\controllers\paymentController.js
- C:\NewProgramacion\CoderHouse\BackEnd\src\routes\checkout.routes.js
- C:\NewProgramacion\CoderHouse\BackEnd\src\app.js
Error: Cannot find module '../services/stripeService'
Require stack:
- C:\NewProgramacion\CoderHouse\BackEnd\src\controllers\paymentController.js
- C:\NewProgramacion\CoderHouse\BackEnd\src\routes\checkout.routes.js
- C:\NewProgramacion\CoderHouse\BackEnd\src\app.js
    at Module._resolveFilename (node:internal/modules/cjs/loader:1144:15)
    at Module._load (node:internal/modules/cjs/loader:985:27)
    at Module.require (node:internal/modules/cjs/loader:1235:19)
    at require (node:internal/modules/helpers:176:18)
    at Object.<anonymous> (C:\NewProgramacion\CoderHouse\BackEnd\src\controllers\paymentController.js:3:23)
    at Module._compile (node:internal/modules/cjs/loader:1376:14)
    at Module._extensions..js (node:internal/modules/cjs/loader:1435:10)
    at Module.load (node:internal/modules/cjs/loader:1207:32)
    at Module._load (node:internal/modules/cjs/loader:1023:12)
    at Module.require (node:internal/modules/cjs/loader:1235:19)
2024-07-31T15:21:11.254Z [31merror[39m: uncaughtException: Cannot find module '../services/stripeService'
Require stack:
- C:\NewProgramacion\CoderHouse\BackEnd\src\controllers\paymentController.js
- C:\NewProgramacion\CoderHouse\BackEnd\src\routes\checkout.routes.js
- C:\NewProgramacion\CoderHouse\BackEnd\src\app.js
Error: Cannot find module '../services/stripeService'
Require stack:
- C:\NewProgramacion\CoderHouse\BackEnd\src\controllers\paymentController.js
- C:\NewProgramacion\CoderHouse\BackEnd\src\routes\checkout.routes.js
- C:\NewProgramacion\CoderHouse\BackEnd\src\app.js
    at Module._resolveFilename (node:internal/modules/cjs/loader:1144:15)
    at Module._load (node:internal/modules/cjs/loader:985:27)
    at Module.require (node:internal/modules/cjs/loader:1235:19)
    at require (node:internal/modules/helpers:176:18)
    at Object.<anonymous> (C:\NewProgramacion\CoderHouse\BackEnd\src\controllers\paymentController.js:3:23)
    at Module._compile (node:internal/modules/cjs/loader:1376:14)
    at Module._extensions..js (node:internal/modules/cjs/loader:1435:10)
    at Module.load (node:internal/modules/cjs/loader:1207:32)
    at Module._load (node:internal/modules/cjs/loader:1023:12)
    at Module.require (node:internal/modules/cjs/loader:1235:19)
2024-07-31T15:21:14.842Z [31merror[39m: uncaughtException: Cannot find module '../services/stripeService'
Require stack:
- C:\NewProgramacion\CoderHouse\BackEnd\src\controllers\paymentController.js
- C:\NewProgramacion\CoderHouse\BackEnd\src\routes\checkout.routes.js
- C:\NewProgramacion\CoderHouse\BackEnd\src\app.js
Error: Cannot find module '../services/stripeService'
Require stack:
- C:\NewProgramacion\CoderHouse\BackEnd\src\controllers\paymentController.js
- C:\NewProgramacion\CoderHouse\BackEnd\src\routes\checkout.routes.js
- C:\NewProgramacion\CoderHouse\BackEnd\src\app.js
    at Module._resolveFilename (node:internal/modules/cjs/loader:1144:15)
    at Module._load (node:internal/modules/cjs/loader:985:27)
    at Module.require (node:internal/modules/cjs/loader:1235:19)
    at require (node:internal/modules/helpers:176:18)
    at Object.<anonymous> (C:\NewProgramacion\CoderHouse\BackEnd\src\controllers\paymentController.js:3:23)
    at Module._compile (node:internal/modules/cjs/loader:1376:14)
    at Module._extensions..js (node:internal/modules/cjs/loader:1435:10)
    at Module.load (node:internal/modules/cjs/loader:1207:32)
    at Module._load (node:internal/modules/cjs/loader:1023:12)
    at Module.require (node:internal/modules/cjs/loader:1235:19)
2024-07-31T15:21:23.564Z [31merror[39m: uncaughtException: Cannot find module '../services/stripeService'
Require stack:
- C:\NewProgramacion\CoderHouse\BackEnd\src\controllers\paymentController.js
- C:\NewProgramacion\CoderHouse\BackEnd\src\routes\checkout.routes.js
- C:\NewProgramacion\CoderHouse\BackEnd\src\app.js
Error: Cannot find module '../services/stripeService'
Require stack:
- C:\NewProgramacion\CoderHouse\BackEnd\src\controllers\paymentController.js
- C:\NewProgramacion\CoderHouse\BackEnd\src\routes\checkout.routes.js
- C:\NewProgramacion\CoderHouse\BackEnd\src\app.js
    at Module._resolveFilename (node:internal/modules/cjs/loader:1144:15)
    at Module._load (node:internal/modules/cjs/loader:985:27)
    at Module.require (node:internal/modules/cjs/loader:1235:19)
    at require (node:internal/modules/helpers:176:18)
    at Object.<anonymous> (C:\NewProgramacion\CoderHouse\BackEnd\src\controllers\paymentController.js:3:23)
    at Module._compile (node:internal/modules/cjs/loader:1376:14)
    at Module._extensions..js (node:internal/modules/cjs/loader:1435:10)
    at Module.load (node:internal/modules/cjs/loader:1207:32)
    at Module._load (node:internal/modules/cjs/loader:1023:12)
    at Module.require (node:internal/modules/cjs/loader:1235:19)
2024-07-31T15:22:19.131Z [31merror[39m: uncaughtException: Cannot find module '../services/stripeService'
Require stack:
- C:\NewProgramacion\CoderHouse\BackEnd\src\controllers\paymentController.js
- C:\NewProgramacion\CoderHouse\BackEnd\src\routes\payment.routes.js
- C:\NewProgramacion\CoderHouse\BackEnd\src\app.js
Error: Cannot find module '../services/stripeService'
Require stack:
- C:\NewProgramacion\CoderHouse\BackEnd\src\controllers\paymentController.js
- C:\NewProgramacion\CoderHouse\BackEnd\src\routes\payment.routes.js
- C:\NewProgramacion\CoderHouse\BackEnd\src\app.js
    at Module._resolveFilename (node:internal/modules/cjs/loader:1144:15)
    at Module._load (node:internal/modules/cjs/loader:985:27)
    at Module.require (node:internal/modules/cjs/loader:1235:19)
    at require (node:internal/modules/helpers:176:18)
    at Object.<anonymous> (C:\NewProgramacion\CoderHouse\BackEnd\src\controllers\paymentController.js:3:23)
    at Module._compile (node:internal/modules/cjs/loader:1376:14)
    at Module._extensions..js (node:internal/modules/cjs/loader:1435:10)
    at Module.load (node:internal/modules/cjs/loader:1207:32)
    at Module._load (node:internal/modules/cjs/loader:1023:12)
    at Module.require (node:internal/modules/cjs/loader:1235:19)
2024-07-31T15:22:31.101Z [31merror[39m: uncaughtException: handleCreatePaymentIntent is not defined
ReferenceError: handleCreatePaymentIntent is not defined
    at Object.<anonymous> (C:\NewProgramacion\CoderHouse\BackEnd\src\routes\payment.routes.js:14:39)
    at Module._compile (node:internal/modules/cjs/loader:1376:14)
    at Module._extensions..js (node:internal/modules/cjs/loader:1435:10)
    at Module.load (node:internal/modules/cjs/loader:1207:32)
    at Module._load (node:internal/modules/cjs/loader:1023:12)
    at Module.require (node:internal/modules/cjs/loader:1235:19)
    at require (node:internal/modules/helpers:176:18)
    at Object.<anonymous> (C:\NewProgramacion\CoderHouse\BackEnd\src\app.js:13:23)
    at Module._compile (node:internal/modules/cjs/loader:1376:14)
    at Module._extensions..js (node:internal/modules/cjs/loader:1435:10)
2024-07-31T15:22:37.203Z [31merror[39m: uncaughtException: Cannot find module '../services/stripeService'
Require stack:
- C:\NewProgramacion\CoderHouse\BackEnd\src\controllers\paymentController.js
- C:\NewProgramacion\CoderHouse\BackEnd\src\routes\payment.routes.js
- C:\NewProgramacion\CoderHouse\BackEnd\src\app.js
Error: Cannot find module '../services/stripeService'
Require stack:
- C:\NewProgramacion\CoderHouse\BackEnd\src\controllers\paymentController.js
- C:\NewProgramacion\CoderHouse\BackEnd\src\routes\payment.routes.js
- C:\NewProgramacion\CoderHouse\BackEnd\src\app.js
    at Module._resolveFilename (node:internal/modules/cjs/loader:1144:15)
    at Module._load (node:internal/modules/cjs/loader:985:27)
    at Module.require (node:internal/modules/cjs/loader:1235:19)
    at require (node:internal/modules/helpers:176:18)
    at Object.<anonymous> (C:\NewProgramacion\CoderHouse\BackEnd\src\controllers\paymentController.js:3:23)
    at Module._compile (node:internal/modules/cjs/loader:1376:14)
    at Module._extensions..js (node:internal/modules/cjs/loader:1435:10)
    at Module.load (node:internal/modules/cjs/loader:1207:32)
    at Module._load (node:internal/modules/cjs/loader:1023:12)
    at Module.require (node:internal/modules/cjs/loader:1235:19)
2024-07-31T15:22:40.772Z [31merror[39m: uncaughtException: Cannot find module '../services/stripeService'
Require stack:
- C:\NewProgramacion\CoderHouse\BackEnd\src\controllers\paymentController.js
- C:\NewProgramacion\CoderHouse\BackEnd\src\routes\payment.routes.js
- C:\NewProgramacion\CoderHouse\BackEnd\src\app.js
Error: Cannot find module '../services/stripeService'
Require stack:
- C:\NewProgramacion\CoderHouse\BackEnd\src\controllers\paymentController.js
- C:\NewProgramacion\CoderHouse\BackEnd\src\routes\payment.routes.js
- C:\NewProgramacion\CoderHouse\BackEnd\src\app.js
    at Module._resolveFilename (node:internal/modules/cjs/loader:1144:15)
    at Module._load (node:internal/modules/cjs/loader:985:27)
    at Module.require (node:internal/modules/cjs/loader:1235:19)
    at require (node:internal/modules/helpers:176:18)
    at Object.<anonymous> (C:\NewProgramacion\CoderHouse\BackEnd\src\controllers\paymentController.js:3:23)
    at Module._compile (node:internal/modules/cjs/loader:1376:14)
    at Module._extensions..js (node:internal/modules/cjs/loader:1435:10)
    at Module.load (node:internal/modules/cjs/loader:1207:32)
    at Module._load (node:internal/modules/cjs/loader:1023:12)
    at Module.require (node:internal/modules/cjs/loader:1235:19)
2024-07-31T15:23:46.873Z [31merror[39m: uncaughtException: Cannot find module '../services/stripeService'
Require stack:
- C:\NewProgramacion\CoderHouse\BackEnd\src\controllers\paymentController.js
- C:\NewProgramacion\CoderHouse\BackEnd\src\routes\payment.routes.js
- C:\NewProgramacion\CoderHouse\BackEnd\src\app.js
Error: Cannot find module '../services/stripeService'
Require stack:
- C:\NewProgramacion\CoderHouse\BackEnd\src\controllers\paymentController.js
- C:\NewProgramacion\CoderHouse\BackEnd\src\routes\payment.routes.js
- C:\NewProgramacion\CoderHouse\BackEnd\src\app.js
    at Module._resolveFilename (node:internal/modules/cjs/loader:1144:15)
    at Module._load (node:internal/modules/cjs/loader:985:27)
    at Module.require (node:internal/modules/cjs/loader:1235:19)
    at require (node:internal/modules/helpers:176:18)
    at Object.<anonymous> (C:\NewProgramacion\CoderHouse\BackEnd\src\controllers\paymentController.js:3:23)
    at Module._compile (node:internal/modules/cjs/loader:1376:14)
    at Module._extensions..js (node:internal/modules/cjs/loader:1435:10)
    at Module.load (node:internal/modules/cjs/loader:1207:32)
    at Module._load (node:internal/modules/cjs/loader:1023:12)
    at Module.require (node:internal/modules/cjs/loader:1235:19)
2024-07-31T15:24:19.122Z [31merror[39m: uncaughtException: Cannot find module '../services/stripeService.js'
Require stack:
- C:\NewProgramacion\CoderHouse\BackEnd\src\controllers\paymentController.js
- C:\NewProgramacion\CoderHouse\BackEnd\src\routes\payment.routes.js
- C:\NewProgramacion\CoderHouse\BackEnd\src\app.js
Error: Cannot find module '../services/stripeService.js'
Require stack:
- C:\NewProgramacion\CoderHouse\BackEnd\src\controllers\paymentController.js
- C:\NewProgramacion\CoderHouse\BackEnd\src\routes\payment.routes.js
- C:\NewProgramacion\CoderHouse\BackEnd\src\app.js
    at Module._resolveFilename (node:internal/modules/cjs/loader:1144:15)
    at Module._load (node:internal/modules/cjs/loader:985:27)
    at Module.require (node:internal/modules/cjs/loader:1235:19)
    at require (node:internal/modules/helpers:176:18)
    at Object.<anonymous> (C:\NewProgramacion\CoderHouse\BackEnd\src\controllers\paymentController.js:3:23)
    at Module._compile (node:internal/modules/cjs/loader:1376:14)
    at Module._extensions..js (node:internal/modules/cjs/loader:1435:10)
    at Module.load (node:internal/modules/cjs/loader:1207:32)
    at Module._load (node:internal/modules/cjs/loader:1023:12)
    at Module.require (node:internal/modules/cjs/loader:1235:19)
2024-07-31T15:25:12.549Z [31merror[39m: uncaughtException: handleCreatePaymentIntent is not defined
ReferenceError: handleCreatePaymentIntent is not defined
    at Object.<anonymous> (C:\NewProgramacion\CoderHouse\BackEnd\src\routes\payment.routes.js:11:39)
    at Module._compile (node:internal/modules/cjs/loader:1376:14)
    at Module._extensions..js (node:internal/modules/cjs/loader:1435:10)
    at Module.load (node:internal/modules/cjs/loader:1207:32)
    at Module._load (node:internal/modules/cjs/loader:1023:12)
    at Module.require (node:internal/modules/cjs/loader:1235:19)
    at require (node:internal/modules/helpers:176:18)
    at Object.<anonymous> (C:\NewProgramacion\CoderHouse\BackEnd\src\app.js:13:23)
    at Module._compile (node:internal/modules/cjs/loader:1376:14)
    at Module._extensions..js (node:internal/modules/cjs/loader:1435:10)
2024-07-31T17:21:53.340Z [31merror[39m: uncaughtException: Invalid regular expression: missing /
C:\NewProgramacion\CoderHouse\BackEnd\src\routes\payment.routes.js:13
/
^

SyntaxError: Invalid regular expression: missing /
    at internalCompileFunction (node:internal/vm:77:18)
    at wrapSafe (node:internal/modules/cjs/loader:1288:20)
    at Module._compile (node:internal/modules/cjs/loader:1340:27)
    at Module._extensions..js (node:internal/modules/cjs/loader:1435:10)
    at Module.load (node:internal/modules/cjs/loader:1207:32)
    at Module._load (node:internal/modules/cjs/loader:1023:12)
    at Module.require (node:internal/modules/cjs/loader:1235:19)
    at require (node:internal/modules/helpers:176:18)
    at Object.<anonymous> (C:\NewProgramacion\CoderHouse\BackEnd\src\app.js:13:23)
    at Module._compile (node:internal/modules/cjs/loader:1376:14)
